-- phpMyAdmin SQL Dump
-- version 4.0.10.19
-- https://www.phpmyadmin.net
--
-- Host: localhost
-- Generation Time: Jul 20, 2017 at 12:51 PM
-- Server version: 5.5.56
-- PHP Version: 5.6.30

SET SQL_MODE = "NO_AUTO_VALUE_ON_ZERO";
SET time_zone = "+00:00";


/*!40101 SET @OLD_CHARACTER_SET_CLIENT=@@CHARACTER_SET_CLIENT */;
/*!40101 SET @OLD_CHARACTER_SET_RESULTS=@@CHARACTER_SET_RESULTS */;
/*!40101 SET @OLD_COLLATION_CONNECTION=@@COLLATION_CONNECTION */;
/*!40101 SET NAMES utf8 */;

--
-- Database: `orderapp_b2b_wui`
--

-- --------------------------------------------------------

--
-- Table structure for table `b2b_orders`
--

CREATE TABLE IF NOT EXISTS `b2b_orders` (
  `id` int(11) NOT NULL AUTO_INCREMENT,
  `user_id` int(11) DEFAULT NULL,
  `company_id` int(11) DEFAULT NULL,
  `total` int(11) DEFAULT NULL,
  `actual_total` int(11) DEFAULT NULL,
  `company_contribution` int(11) NOT NULL DEFAULT '0',
  `discount` int(11) DEFAULT NULL,
  `date` datetime DEFAULT NULL,
  `platform_info` varchar(255) NOT NULL,
  `transaction_id` text NOT NULL,
  `restaurant_id` int(11) DEFAULT NULL,
  `payment_info` varchar(222) DEFAULT NULL,
  `rest_order_object` text,
  `order_status` varchar(255) NOT NULL DEFAULT 'pending',
  PRIMARY KEY (`id`),
  KEY `user_id` (`user_id`),
  KEY `company_id` (`company_id`)
) ENGINE=InnoDB  DEFAULT CHARSET=utf8 AUTO_INCREMENT=356 ;

--
-- Dumping data for table `b2b_orders`
--

INSERT INTO `b2b_orders` (`id`, `user_id`, `company_id`, `total`, `actual_total`, `company_contribution`, `discount`, `date`, `platform_info`, `transaction_id`, `restaurant_id`, `payment_info`, `rest_order_object`, `order_status`) VALUES
(50, 1, 2, 79, 101, 0, 0, '2017-05-03 00:00:00', '', '', 1, 'CASH', '', 'pending'),
(51, 1, 2, 28, 63, 0, 0, '2017-04-06 11:25:00', '', '5998785425', 2, 'Credit Card', '', 'pending'),
(52, 1, 2, 7, 42, 0, 0, '2017-04-06 03:09:10', '', '', 1, 'CASH', '', 'pending'),
(53, 1, 2, 2, 37, 0, 0, '2017-04-19 00:14:17', '', '', 2, 'CASH', '', 'pending'),
(54, 1, 2, 23, 58, 0, 0, '2017-04-14 00:23:41', '', '', 3, 'CASH', '', 'pending'),
(55, 1, 2, 44, 44, 0, 0, '2017-04-15 00:25:00', '', '', 1, 'CASH', '', 'pending'),
(56, 1, 2, 44, 44, 0, 0, '2017-04-06 00:00:00', '', '', 2, 'CASH', '', 'pending'),
(57, 1, 2, 44, 44, 0, 0, '2017-04-06 00:00:00', '', '', 3, 'CASH', '', 'pending'),
(58, 1, 2, 42, 42, 0, 0, '2017-04-06 00:00:00', '', '', NULL, NULL, '', 'pending'),
(59, 1, 2, 44, 44, 0, 0, '2017-04-06 00:00:00', '', '', NULL, NULL, '', 'pending'),
(60, 1, 2, 42, 42, 0, 0, '2017-04-06 00:00:00', '', '', NULL, NULL, '', 'pending'),
(61, 1, 2, 44, 44, 0, 0, '2017-04-06 00:00:00', '', '', NULL, NULL, '', 'pending'),
(62, 1, 2, 44, 44, 0, 0, '2017-04-06 00:00:00', '', '', NULL, NULL, '', 'pending'),
(63, 4, 6, 0, 43, 0, 12, '2017-04-06 00:00:00', '', '', NULL, NULL, '', 'pending'),
(64, 5, 6, 0, 40, 0, 20, '2017-04-09 00:00:00', '', '', NULL, NULL, '', 'pending'),
(65, 5, 6, 60, 80, 0, 0, '2017-04-09 00:00:00', '', '', NULL, NULL, '', 'pending'),
(66, 5, 6, 120, 120, 0, 0, '2017-04-09 00:00:00', '', '', NULL, NULL, '', 'pending'),
(67, 1, 2, 228, 263, 0, 0, '2017-04-19 00:00:00', '', '', NULL, NULL, '', 'pending'),
(68, 5, 2, 0, 16, 0, 34, '2017-04-19 00:00:00', '', '', NULL, NULL, '', 'pending'),
(69, 5, 2, 5, 39, 0, 0, '2017-04-19 00:00:00', '', '', NULL, NULL, '', 'pending'),
(70, 1, 2, 0, 88, 0, 12, '2017-04-25 00:00:00', '', '', NULL, NULL, '', 'pending'),
(71, 1, 2, 0, 42, 0, 8, '2017-04-26 00:00:00', '', '', NULL, NULL, '', 'pending'),
(73, 1, 2, 0, 24, 0, 26, '2017-05-01 00:00:00', '', '', NULL, NULL, '', 'pending'),
(74, 1, 2, 0, 8, 0, 18, '2017-05-01 00:00:00', '', '', NULL, NULL, '', 'pending'),
(75, 1, 2, 0, 62, 0, 38, '2017-05-01 00:00:00', '', '', NULL, NULL, '', 'pending'),
(76, 1, 2, 0, 14, 0, 24, '2017-05-01 00:00:00', '', '', NULL, NULL, '', 'pending'),
(77, 1, 2, 0, 14, 0, 10, '2017-05-01 00:00:00', '', '', NULL, NULL, '', 'pending'),
(78, 1, 2, 0, 8, 0, 2, '2017-05-01 00:00:00', '', '', NULL, NULL, '', 'pending'),
(79, 1, 2, 0, 44, 0, 56, '2017-05-01 00:00:00', '', '', NULL, NULL, '', 'pending'),
(80, 1, 2, 0, 88, 0, 12, '2017-05-03 00:00:00', '', '', NULL, NULL, '', 'pending'),
(81, 1, 2, 0, 88, 0, 12, '2017-05-06 00:00:00', '', '', NULL, NULL, '', 'pending'),
(82, 1, 2, 0, 33, 0, 67, '2017-05-07 00:00:00', '', '', NULL, NULL, '', 'pending'),
(83, 1, 2, 0, 80, 0, 20, '2017-05-08 00:00:00', '', '', NULL, NULL, '', 'pending'),
(85, 4, 2, 0, 16, 0, 84, '2017-05-08 00:00:00', '', '', NULL, NULL, '', 'pending'),
(87, 1, 2, 0, 12, 0, 38, '2017-05-10 00:00:00', '', '', NULL, NULL, '', 'pending'),
(88, 5, 6, 0, 44, 0, 16, '2017-05-10 00:00:00', '', '', NULL, NULL, '', 'pending'),
(89, 1, 2, 0, 88, 0, 912, '2017-05-15 00:00:00', '', '', NULL, NULL, '', 'pending'),
(90, 1, 2, 51, 71, 0, 0, '2017-05-18 00:00:00', '', '', NULL, NULL, '', 'pending'),
(91, 1, 2, 68, 68, 0, 0, '2017-05-19 00:00:00', '', '', NULL, NULL, '', 'pending'),
(92, 5, 6, 0, 35, 0, 25, '2017-05-22 00:00:00', '', '', NULL, NULL, '', 'pending'),
(93, 1, 2, 0, 41, 0, 959, '2017-05-22 00:00:00', '', '', NULL, NULL, '', 'pending'),
(94, 1, 2, 0, 53, 0, 906, '2017-05-22 00:00:00', '', '', NULL, NULL, '', 'pending'),
(95, 1, 2, 0, 66, 0, 840, '2017-05-22 00:00:00', '', '', NULL, NULL, '', 'pending'),
(96, 1, 2, 0, 53, 0, 787, '2017-05-22 00:00:00', '', '', NULL, NULL, '', 'pending'),
(97, 1, 2, 0, 53, 0, 734, '2017-05-22 00:00:00', '', '', NULL, NULL, '', 'pending'),
(98, 1, 2, 0, 37, 0, 697, '2017-05-22 00:00:00', '', '', NULL, NULL, '', 'pending'),
(99, 1, 2, 0, 53, 0, 644, '2017-05-22 00:00:00', '', '', NULL, NULL, '', 'pending'),
(100, 1, 2, 0, 37, 0, 607, '2017-05-22 00:00:00', '', '', NULL, NULL, '', 'pending'),
(101, 1, 2, 0, 34, 0, 573, '2017-05-22 00:00:00', '', '', NULL, NULL, '', 'pending'),
(102, 1, 2, 0, 37, 0, 536, '2017-05-22 00:00:00', '', '', NULL, NULL, '', 'pending'),
(103, 1, 2, 0, 37, 0, 499, '2017-05-22 00:00:00', '', '', NULL, NULL, '', 'pending'),
(104, 1, 2, 0, 37, 0, 462, '2017-05-22 00:00:00', '', '', NULL, NULL, '', 'pending'),
(105, 1, 2, 0, 37, 0, 425, '2017-05-22 00:00:00', '', '', NULL, NULL, '', 'pending'),
(106, 1, 2, 0, 37, 0, 388, '2017-05-22 00:00:00', '', '', NULL, NULL, '', 'pending'),
(107, 1, 2, 0, 37, 0, 351, '2017-05-22 00:00:00', '', '', NULL, NULL, '', 'pending'),
(108, 4, 3, 0, 36, 0, 14, '2017-05-22 00:00:00', '', '', 2, 'CASH', '', 'pending'),
(109, NULL, 2, 179, 179, 0, 0, '2017-05-23 00:00:00', '', '', NULL, NULL, '', 'pending'),
(110, NULL, 2, 71, 71, 0, 0, '2017-05-23 00:00:00', '', '', NULL, NULL, '', 'pending'),
(111, 1, 2, 0, 75, 0, 925, '2017-05-23 00:00:00', '', '', NULL, NULL, '', 'pending'),
(112, 1, 2, 0, 150, 0, 775, '2017-05-23 00:00:00', '', '', NULL, NULL, '', 'pending'),
(113, 3, 3, 0, 85, 0, 15, '2017-05-23 00:00:00', '', '', 3, 'CASH', '', 'cancelled'),
(116, 1, 2, 0, 68, 0, 707, '2017-05-23 00:00:00', '', '', NULL, NULL, '', 'pending'),
(117, 1, 2, 0, 68, 0, 639, '2017-05-23 00:00:00', '', '', NULL, NULL, '', 'pending'),
(118, 1, 2, 0, 150, 0, 489, '2017-05-23 00:00:00', '', '', NULL, NULL, '', 'pending'),
(119, 1, 2, 0, 150, 0, 339, '2017-05-23 00:00:00', '', '', NULL, NULL, '', 'pending'),
(120, NULL, 2, 150, 150, 0, 0, '2017-05-23 00:00:00', '', '', NULL, NULL, '', 'pending'),
(122, 1, 2, 140, 150, 0, 0, '2017-05-23 00:00:00', '', '', NULL, NULL, '', 'pending'),
(123, 1, 2, 75, 75, 0, 0, '2017-05-23 00:00:00', '', '', NULL, NULL, '', 'pending'),
(124, 1, 2, 68, 68, 0, 0, '2017-05-23 00:00:00', '', '31647489', NULL, NULL, '', 'pending'),
(125, 1, 2, 143, 143, 0, 0, '2017-05-23 00:00:00', '', '31647649', NULL, NULL, '', 'pending'),
(126, 1, 2, 75, 75, 0, 0, '2017-05-23 00:00:00', '', '31648032', NULL, NULL, '', 'pending'),
(127, 1, 2, 75, 75, 0, 0, '2017-05-23 00:00:00', '', '31648612', NULL, NULL, '', 'pending'),
(128, 1, 2, 68, 68, 0, 0, '2017-05-23 00:00:00', '', '31649058', NULL, NULL, '', 'pending'),
(129, 1, 2, 68, 68, 0, 0, '2017-05-23 00:00:00', '', '31649213', NULL, NULL, '', 'pending'),
(130, 1, 2, 0, 71, 0, 429, '2017-05-23 00:00:00', '', '', NULL, NULL, '', 'pending'),
(131, 1, 2, 66, 66, 0, 0, '2017-05-23 00:00:00', '', '31663104', NULL, NULL, '', 'pending'),
(132, 1, 2, 150, 150, 0, 0, '2017-05-23 00:00:00', '', '31663550', NULL, NULL, '', 'pending'),
(133, 1, 2, 68, 68, 0, 0, '2017-05-23 00:00:00', '', '31663621', NULL, NULL, '', 'pending'),
(134, 1, 2, 136, 136, 0, 0, '2017-05-23 00:00:00', '', '31663745', NULL, NULL, '', 'pending'),
(135, 1, 2, 75, 75, 0, 0, '2017-05-23 00:00:00', '', '', NULL, NULL, '', 'pending'),
(136, 1, 2, 75, 75, 0, 0, '2017-05-23 00:00:00', '', '', NULL, NULL, '', 'pending'),
(137, 1, 2, 0, 68, 0, 432, '2017-05-23 00:00:00', '', '', NULL, NULL, '', 'pending'),
(138, 5, 6, 20, 80, 0, 0, '2017-05-25 00:00:00', '', '31744321', NULL, NULL, '', 'pending'),
(139, 74, 22, 0, 199, 0, 801, '2017-05-28 00:00:00', '', '', NULL, NULL, '', 'pending'),
(140, 75, 22, 0, 44, 0, 956, '2017-05-29 00:00:00', '', '', NULL, NULL, '', 'pending'),
(141, 74, 22, 0, 293, 0, 707, '2017-05-29 00:00:00', '', '', NULL, NULL, '', 'pending'),
(142, 3, 2, 1, 31, 0, 0, '2017-07-20 13:24:04', '', '32154346', 1, NULL, '', 'cancelled'),
(144, 4, 20, 0, 42, 0, 58, '2017-06-04 00:00:00', '', '', NULL, NULL, '', 'pending'),
(145, 122, 20, 0, 40, 0, 60, '2017-06-04 00:00:00', '', '', NULL, NULL, '', 'pending'),
(146, 119, 20, 0, 19, 0, 81, '2017-06-04 00:00:00', '', '', NULL, NULL, '', 'pending'),
(147, 121, 20, 0, 40, 0, 60, '2017-06-04 00:00:00', '', '', NULL, NULL, '', 'pending'),
(148, 118, 20, 0, 46, 0, 54, '2017-06-04 00:00:00', '', '', NULL, NULL, '', 'pending'),
(149, 74, 22, 0, 187, 0, 813, '2017-06-04 00:00:00', '', '', NULL, NULL, '', 'pending'),
(150, 121, 20, 0, 58, 0, 42, '2017-06-05 00:00:00', '', '', NULL, NULL, '', 'pending'),
(151, 118, 20, 0, 48, 0, 52, '2017-06-05 00:00:00', '', '', NULL, NULL, '', 'pending'),
(153, 74, 22, 0, 322, 0, 678, '2017-06-05 00:00:00', '', '', NULL, NULL, '', 'pending'),
(154, 111, 25, 1, 36, 0, 0, '2017-06-06 00:00:00', '', '32259330', NULL, NULL, '', 'pending'),
(156, 115, 20, 0, 42, 0, 958, '2017-06-07 00:00:00', '', '', NULL, NULL, '', 'pending'),
(157, 121, 20, 0, 44, 0, 956, '2017-06-07 00:00:00', '', '', NULL, NULL, '', 'pending'),
(158, 121, 20, 0, 86, 0, 914, '2017-06-07 00:00:00', '', '', NULL, NULL, '', 'pending'),
(159, 115, 20, 0, 42, 0, 958, '2017-06-07 00:00:00', '', '', NULL, NULL, '', 'pending'),
(163, 111, 25, 0, 34, 0, 1, '2017-06-08 00:00:00', '', '', NULL, NULL, '', 'pending'),
(165, 71, 21, 68, 68, 0, 0, '2017-06-08 00:00:00', '', '32368870', NULL, NULL, '', 'pending'),
(166, 10, 10, 0, 252, 0, 748, '2017-06-08 00:00:00', '', '', NULL, NULL, '', 'pending'),
(168, 119, 20, 0, 19, 0, 981, '2017-06-08 00:00:00', '', '', NULL, NULL, '', 'pending'),
(169, 115, 20, 0, 24, 0, 976, '2017-06-08 00:00:00', '', '', NULL, NULL, '', 'pending'),
(170, 118, 20, 0, 29, 0, 971, '2017-06-08 00:00:00', '', '', NULL, NULL, '', 'pending'),
(171, 121, 20, 0, 46, 0, 954, '2017-06-08 00:00:00', '', '', NULL, NULL, '', 'pending'),
(173, 111, 25, 1, 36, 0, 0, '2017-06-11 00:00:00', '', '32472225', NULL, NULL, '', 'pending'),
(174, 110, 25, 0, 34, 0, 1, '2017-06-11 00:00:00', '', '', NULL, NULL, '', 'pending'),
(176, 118, 20, 0, 43, 0, 957, '2017-06-11 00:00:00', '', '', NULL, NULL, '', 'pending'),
(177, 115, 20, 0, 40, 0, 960, '2017-06-11 00:00:00', '', '', NULL, NULL, '', 'pending'),
(178, 115, 20, 0, 31, 0, 929, '2017-06-11 00:00:00', '', '', NULL, NULL, '', 'pending'),
(179, 74, 22, 0, 222, 0, 778, '2017-06-11 00:00:00', '', '', NULL, NULL, '', 'pending'),
(180, 109, 25, 9, 44, 0, 0, '2017-06-12 00:00:00', '', '32523348', NULL, NULL, '', 'pending'),
(181, 110, 25, 0, 32, 0, 3, '2017-06-12 00:00:00', '', '', NULL, NULL, '', 'pending'),
(183, 119, 20, 0, 39, 0, 961, '2017-06-12 00:00:00', '', '', NULL, NULL, '', 'pending'),
(184, 118, 20, 0, 35, 0, 965, '2017-06-12 00:00:00', '', '', NULL, NULL, '', 'pending'),
(185, 1, 2, 0, 29, 0, 1, '2017-06-12 00:00:00', '', '', NULL, NULL, '', 'pending'),
(187, 10, 10, 0, 177, 0, 571, '2017-06-12 00:00:00', '', '', NULL, NULL, '', 'pending'),
(188, 109, 25, 9, 44, 0, 0, '2017-06-13 00:00:00', '', '32572581', NULL, NULL, '', 'pending'),
(189, 1, 2, 15, 16, 0, 0, '2017-06-13 00:00:00', '', '32574051', NULL, NULL, '', 'pending'),
(191, 1, 2, 39, 39, 0, 0, '2017-06-13 00:00:00', '', '32577250', NULL, NULL, '', 'pending'),
(192, 69, 21, 58, 58, 0, 0, '2017-06-14 00:00:00', '', '32627713', NULL, NULL, '', 'pending'),
(193, 70, 21, 46, 46, 0, 0, '2017-06-14 00:00:00', '', '32627764', NULL, NULL, '', 'pending'),
(196, 68, 21, 38, 38, 0, 0, '2017-06-14 00:00:00', '', '32629255', NULL, NULL, '', 'pending'),
(197, 1, 2, 61, 61, 0, 0, '2017-06-15 00:00:00', '', '32684032', NULL, NULL, '', 'pending'),
(198, 109, 25, 9, 44, 0, 0, '2017-06-15 00:00:00', '', '32684174', NULL, NULL, '', 'pending'),
(199, 111, 25, 2, 37, 0, 0, '2017-06-15 00:00:00', '', '32685559', NULL, NULL, '', 'pending'),
(200, 110, 25, 0, 34, 0, 1, '2017-06-15 00:00:00', '', '', NULL, NULL, '', 'pending'),
(201, 99, 25, 0, 24, 0, 11, '2017-06-15 00:00:00', '', '', NULL, NULL, '', 'pending'),
(203, 115, 20, 0, 42, 0, 958, '2017-06-15 00:00:00', '', '', NULL, NULL, '', 'pending'),
(204, 121, 20, 0, 80, 0, 920, '2017-06-15 00:00:00', '', '', NULL, NULL, '', 'pending'),
(205, 119, 20, 0, 29, 0, 971, '2017-06-15 00:00:00', '', '', NULL, NULL, '', 'pending'),
(206, 124, 20, 0, 88, 0, 912, '2017-06-15 00:00:00', '', '', NULL, NULL, '', 'pending'),
(207, 118, 20, 0, 36, 0, 964, '2017-06-15 00:00:00', '', '', NULL, NULL, '', 'pending'),
(208, 121, 20, 0, 80, 0, 840, '2017-06-15 00:00:00', '', '', NULL, NULL, '', 'pending'),
(211, 1, 2, 71, 178, 0, 0, '2017-06-17 00:00:00', '', '', NULL, NULL, '', 'pending'),
(214, 97, 25, 25, 60, 0, 0, '2017-06-20 13:30:53', '', '32982731', NULL, NULL, '', 'pending'),
(216, 161, 32, 0, 130, 0, 870, '2017-06-21 08:24:50', '', '', NULL, NULL, '', 'pending'),
(218, 115, 20, 0, 40, 0, 960, '2017-06-21 09:02:20', '', '', NULL, NULL, '', 'pending'),
(219, 118, 20, 0, 38, 0, 962, '2017-06-21 09:09:23', '', '', NULL, NULL, '', 'pending'),
(220, 121, 20, 0, 52, 0, 948, '2017-06-21 09:22:50', '', '', NULL, NULL, '', 'pending'),
(221, 121, 20, 0, 40, 0, 908, '2017-06-21 09:23:47', '', '', NULL, NULL, '', 'pending'),
(222, 111, 25, 1, 40, 0, 0, '2017-06-22 06:16:45', '', '33068497', NULL, NULL, '', 'pending'),
(223, 109, 25, 0, 35, 0, 3, '2017-06-22 06:22:30', '', '', NULL, NULL, '', 'pending'),
(224, 108, 25, 0, 32, 0, 0, '2017-06-22 06:26:18', '', '', NULL, NULL, '', 'pending'),
(225, 102, 25, -32, 32, 0, 0, '2017-06-22 06:27:10', '', '', NULL, NULL, '', 'pending'),
(226, 110, 25, 0, 34, 0, 0, '2017-06-22 06:35:39', '', '', NULL, NULL, '', 'pending'),
(227, 106, 25, 0, 32, 0, 0, '2017-06-22 06:36:02', '', '', NULL, NULL, '', 'pending'),
(228, 107, 25, 0, 25, 0, 10, '2017-06-22 06:42:48', '', '', NULL, NULL, '', 'pending'),
(229, 107, 25, 0, 10, 0, 0, '2017-06-22 06:46:39', '', '', NULL, NULL, '', 'pending'),
(230, 103, 25, 0, 32, 0, 0, '2017-06-22 06:52:38', '', '', NULL, NULL, '', 'pending'),
(231, 102, 25, 0, 32, 0, 0, '2017-06-22 07:46:58', '', '', NULL, NULL, '', 'pending'),
(233, 119, 20, 0, 29, 0, 971, '2017-06-22 09:49:11', '', '', NULL, NULL, '', 'pending'),
(234, 121, 20, 0, 38, 0, 962, '2017-06-22 09:50:47', '', '', NULL, NULL, '', 'pending'),
(235, 109, 25, 35, 78, 0, 0, '2017-06-25 06:27:49', '', '33190315', NULL, NULL, '', 'pending'),
(236, 110, 25, 27, 68, 0, 0, '2017-06-25 07:03:59', '', '33192846', NULL, NULL, '', 'pending'),
(238, 118, 20, 0, 39, 0, 961, '2017-06-25 09:24:29', '', '', NULL, NULL, '', 'pending'),
(239, 111, 25, 0, 36, 0, 1, '2017-06-26 05:55:01', '', '', NULL, NULL, '', 'pending'),
(240, 109, 25, 14, 54, 0, 0, '2017-06-26 06:32:22', '', '33249728', NULL, NULL, '', 'pending'),
(241, 110, 25, 0, 32, 0, 0, '2017-06-26 06:55:42', '', '', NULL, NULL, '', 'pending'),
(242, 108, 25, 0, 32, 0, 0, '2017-06-26 07:03:27', '', '', NULL, NULL, '', 'pending'),
(243, 119, 20, 0, 31, 0, 969, '2017-06-26 09:32:56', '', '', NULL, NULL, '', 'pending'),
(245, 118, 20, 0, 34, 0, 966, '2017-06-26 09:38:56', '', '', NULL, NULL, '', 'pending'),
(246, 109, 25, 7, 47, 0, 0, '2017-06-28 07:05:52', '', '33374843', NULL, NULL, '', 'pending'),
(247, 107, 25, 0, 32, 0, 0, '2017-06-28 07:39:09', '', '', NULL, NULL, '', 'pending'),
(248, 118, 20, 0, 46, 0, 954, '2017-06-28 09:23:51', '', '', NULL, NULL, '', 'pending'),
(249, 119, 20, 0, 19, 0, 981, '2017-06-28 09:24:10', '', '', NULL, NULL, '', 'pending'),
(250, 115, 20, 0, 36, 0, 974, '2017-06-28 09:25:52', '', '', NULL, NULL, '', 'pending'),
(251, 4, 20, 0, 57, 0, 943, '2017-06-28 09:34:56', '', '', NULL, NULL, '', 'pending'),
(252, 109, 25, 22, 60, 0, 0, '2017-06-29 06:59:28', '', '33430792', NULL, NULL, '', 'pending'),
(253, 107, 25, 0, 33, 0, 0, '2017-06-29 07:07:29', '', '', NULL, NULL, '', 'pending'),
(254, 110, 25, 0, 37, 0, 0, '2017-06-29 07:34:14', '', '33433181', NULL, NULL, '', 'pending'),
(255, 118, 20, 0, 65, 0, 935, '2017-06-29 09:01:03', '', '', NULL, NULL, '', 'pending'),
(256, 115, 20, 0, 93, 0, 907, '2017-06-29 09:02:31', '', '', NULL, NULL, '', 'pending'),
(258, 109, 25, 9, 47, 0, 0, '2017-07-02 06:56:01', '', '33566630', NULL, NULL, '', 'pending'),
(259, 110, 25, 4, 41, 0, 0, '2017-07-02 07:01:28', '', '33567091', NULL, NULL, '', 'pending'),
(260, 103, 25, 0, 33, 0, 0, '2017-07-03 06:20:44', '', '', NULL, NULL, '', 'pending'),
(261, 102, 25, 0, 32, 0, 0, '2017-07-03 06:45:35', '', '', NULL, NULL, '', 'pending'),
(262, 107, 25, 0, 35, 0, 0, '2017-07-03 06:52:30', '', '', NULL, NULL, '', 'pending'),
(263, 105, 25, 0, 30, 0, 0, '2017-07-03 07:13:38', '', '', NULL, NULL, '', 'pending'),
(264, 110, 25, 0, 36, 0, 1, '2017-07-03 07:29:05', '', '', NULL, NULL, '', 'pending'),
(265, 118, 20, 0, 75, 0, 925, '2017-07-03 08:47:55', '', '', NULL, NULL, '', 'pending'),
(267, 4, 20, 0, 54, 0, 946, '2017-07-03 08:59:11', '', '', NULL, NULL, '', 'pending'),
(268, 5, 20, 0, 32, 0, 968, '2017-07-03 09:03:26', '', '', NULL, NULL, '', 'pending'),
(269, 105, 25, 0, 33, 0, 0, '2017-07-04 07:08:09', '', '', NULL, NULL, '', 'pending'),
(270, 110, 25, 43, 79, 0, 0, '2017-07-04 07:15:18', '', '33700647', NULL, NULL, '', 'pending'),
(271, 103, 25, 0, 32, 0, 0, '2017-07-04 07:15:45', '', '', NULL, NULL, '', 'pending'),
(272, 107, 25, 0, 25, 0, 10, '2017-07-04 07:20:30', '', '', NULL, NULL, '', 'pending'),
(273, 105, 25, 0, 30, 0, 0, '2017-07-05 06:44:04', '', '', NULL, NULL, '', 'pending'),
(274, 1, 2, 11, 45, 0, 0, '2017-07-05 12:28:09', '', '', NULL, NULL, '', 'pending'),
(275, 107, 25, 0, 25, 0, 10, '2017-07-06 07:07:55', '', '', NULL, NULL, '', 'pending'),
(276, 106, 25, 0, 32, 0, 0, '2017-07-06 07:16:13', '', '', NULL, NULL, '', 'pending'),
(277, 102, 25, 0, 36, 0, 1, '2017-07-06 07:16:22', '', '', NULL, NULL, '', 'pending'),
(278, 110, 25, 0, 36, 0, 1, '2017-07-06 07:29:43', '', '', NULL, NULL, '', 'pending'),
(279, 105, 25, 0, 34, 0, 0, '2017-07-06 07:33:18', '', '', NULL, NULL, '', 'pending'),
(281, 115, 20, 0, 42, 0, 958, '2017-07-06 09:08:02', '', '', NULL, NULL, '', 'pending'),
(282, 118, 20, 0, 36, 0, 964, '2017-07-06 09:12:26', '', '', NULL, NULL, '', 'pending'),
(283, 1, 2, 27, 30, 0, 0, '2017-07-06 14:15:20', '', '', NULL, NULL, '', 'pending'),
(284, 1, 2, 27, 30, 0, 0, '2017-07-09 08:01:08', '', '', NULL, NULL, '', 'pending'),
(285, 1, 2, 32, 35, 0, 0, '2017-07-09 08:04:23', '', '', NULL, NULL, '', 'pending'),
(286, 1, 2, 32, 35, 0, 0, '2017-07-09 09:18:20', '', '33926644', NULL, NULL, '', 'pending'),
(290, 1, 2, 107, 119, 0, 0, '2017-07-09 11:41:25', '', '', NULL, NULL, '', 'pending'),
(292, 1, 2, 27, 30, 0, 0, '2017-07-10 14:19:22', '', '', NULL, NULL, '', 'pending'),
(296, 5, 20, 23, 63, 40, 5, '2017-07-19 07:27:25', '', '', 1, 'CASH', '{"language":"en","company":{"company_id":"20","company_name":"Pushstartups","company_address":"HaHar Street 2, Judean Foothills, Israel","company_discount":"60","discount_type":"daily","delivery_time":"20:00 - 21:00"},"user":{"user_id":"5","name":"Rael","email":"rael@pushstartups.com","contact":"0548307445\\n","userDiscountFromCompany":"40"},"rests_orders":[{"selectedRestaurant":{"id":"1","city_en":"Beit Shemesh","city_he":"\\u05d1\\u05d9\\u05ea \\u05e9\\u05de\\u05e9","name_en":"Angus","name_he":"\\u05d0\\u05e0\\u05d2\\u05d5\\u05e1","contact":"97225609533","min_amount":"0","tags":[{"id":"2","name_en":"Meat","name_he":"\\u05d1\\u05e9\\u05e8","count":"0"},{"id":"3","name_en":"Burgers","name_he":"\\u05d4\\u05de\\u05d1\\u05d5\\u05e8\\u05d2\\u05e8\\u05d9\\u05dd","count":"0"},{"id":"4","name_en":"Sandwiches","name_he":"\\u05e1\\u05e0\\u05d3\\u05d5\\u05d5\\u05d9\\u05e6\\u05d9\\u05dd","count":"0"},{"id":"5","name_en":"Tortillas","name_he":"\\u05d8\\u05d5\\u05e8\\u05d8\\u05d9\\u05d5\\u05ea","count":"0"}],"kashrut":[{"id":"1","name_en":"Mehadrin","name_he":"","count":"0"}],"logo":"\\/m\\/en\\/img\\/angos_logo.png","description_en":"Angus is an entrecote bar located in the heart of Bet Shemesh. \\nWe have a large selection of fresh, excellent quality chicken and meat dishes. Choose from: chicken tortilla, chicken sandwiches, entrecote sandwiches, duck breast sandwiches, decadent salads, a variety of side dishes and more. That''s not all - try our delicious business options!","description_he":"\\u05de\\u05e1\\u05e2\\u05d3\\u05ea \\u05d0\\u05e0\\u05d2\\u05d5\\u05e1 \\u05d0\\u05e0\\u05d8\\u05e8\\u05d9\\u05e7\\u05d5\\u05d8 \\u05d1\\u05e8 \\u05d4\\u05db\\u05e9\\u05e8\\u05d4 \\u05d1\\u05d1\\u05d9\\u05ea-\\u05e9\\u05de\\u05e9 \\u05d9\\u05d3\\u05d5\\u05e2\\u05d4 \\u05d1\\u05ea\\u05e4\\u05e8\\u05d9\\u05d8 \\u05d4\\u05e2\\u05e9\\u05d9\\u05e8 \\u05d5\\u05d4\\u05de\\u05e4\\u05ea\\u05d4 \\u05e9\\u05dc\\u05d4, \\u05d4\\u05db\\u05d5\\u05dc\\u05dc \\u05de\\u05d1\\u05d7\\u05e8 \\u05e0\\u05ea\\u05d7\\u05d9 \\u05d1\\u05e9\\u05e8 \\u05d5\\u05e2\\u05d5\\u05e3 \\u05d8\\u05e8\\u05d9\\u05d9\\u05dd \\u05d5\\u05d0\\u05d9\\u05db\\u05d5\\u05ea\\u05d9\\u05d9\\u05dd. \\u05dc\\u05d1\\u05d7\\u05d9\\u05e8\\u05ea\\u05db\\u05dd: \\u05d8\\u05d5\\u05e8\\u05d8\\u05d9\\u05d9\\u05d4 \\u05d1\\u05de\\u05d9\\u05dc\\u05d5\\u05d9 \\u05e4\\u05e8\\u05d2\\u05d9\\u05ea \\u05d5\\u05e2\\u05d5\\u05e3, \\u05db\\u05e8\\u05d9\\u05db\\u05d9\\u05dd \\u05de\\u05e2\\u05d5\\u05dc\\u05d9\\u05dd \\u05e2\\u05dd \\u05e9\\u05dc\\u05dc \\u05de\\u05d9\\u05dc\\u05d5\\u05d9\\u05d9\\u05dd (\\u05d0\\u05e0\\u05d8\\u05e8\\u05d9\\u05e7\\u05d5\\u05d8, \\u05d7\\u05d6\\u05d4 \\u05d0\\u05d5\\u05d5\\u05d6 \\u05d5\\u05e4\\u05e8\\u05d2\\u05d9\\u05ea), \\u05e1\\u05dc\\u05d8\\u05d9\\u05dd \\u05de\\u05e4\\u05e0\\u05e7\\u05d9\\u05dd, \\u05de\\u05d2\\u05d5\\u05d5\\u05df \\u05ea\\u05d5\\u05e1\\u05e4\\u05d5\\u05ea \\u05d5\\u05e2\\u05d5\\u05d3. \\u05d6\\u05d4 \\u05dc\\u05d0 \\u05d4\\u05db\\u05d5\\u05dc \\u2013 \\u05e0\\u05e1\\u05d5 \\u05d0\\u05ea \\u05d4\\u05e2\\u05e1\\u05e7\\u05d9\\u05d5\\u05ea \\u05d4\\u05de\\u05e9\\u05ea\\u05dc\\u05de\\u05d5\\u05ea \\u05e9\\u05dc \\u05d0\\u05e0\\u05d2\\u05d5\\u05e1!","address_en":"Yitzhak Rabin Road 5, Beit Shemesh","address_he":"\\u05d3\\u05e8\\u05da \\u05d9\\u05e6\\u05d7\\u05e7 \\u05e8\\u05d1\\u05d9\\u05df 5,\\u05d1\\u05d9\\u05ea \\u05e9\\u05de\\u05e9","hechsher_en":"Rabbanut Bet Shemesh","hechsher_he":"\\u05e8\\u05d1\\u05e0\\u05d5\\u05ea \\u05d1\\u05d9\\u05ea \\u05e9\\u05de\\u05e9","gallery":[{"url":"\\/m\\/en\\/img\\/angus_gallery\\/ang_1.png"},{"url":"\\/m\\/en\\/img\\/angus_gallery\\/ang_2.png"},{"url":"\\/m\\/en\\/img\\/angus_gallery\\/ang_3.png"},{"url":"\\/m\\/en\\/img\\/angus_gallery\\/ang_4.png"},{"url":"\\/m\\/en\\/img\\/angus_gallery\\/ang_5.png"},{"url":"\\/m\\/en\\/img\\/angus_gallery\\/ang_6.png"},{"url":"\\/m\\/en\\/img\\/angus_gallery\\/ang_7.png"}],"rest_lat":"31.748089","rest_lng":"34.99505249999993","timings":[{"id":"101","company_id":"20","week_en":"Monday","week_he":"\\u05d9\\u05d5\\u05dd \\u05d1","opening_time":"8:00","closing_time":"12:00","opening_time_he":"8:00","closing_time_he":"12:00","delivery_timing":"13:00"},{"id":"102","company_id":"20","week_en":"Tuesday","week_he":"\\u05d9\\u05d5\\u05dd \\u05d2","opening_time":"8:00","closing_time":"19:00","opening_time_he":"8:00","closing_time_he":"19:00","delivery_timing":"20:00"},{"id":"103","company_id":"20","week_en":"Wednesday","week_he":"\\u05d9\\u05d5\\u05dd \\u05d3","opening_time":"8:00","closing_time":"19:00","opening_time_he":"8:00","closing_time_he":"19:00","delivery_timing":"20:00"},{"id":"104","company_id":"20","week_en":"Thursday","week_he":"\\u05d9\\u05d5\\u05dd \\u05d4","opening_time":"8:00","closing_time":"19:00","opening_time_he":"8:00","closing_time_he":"19:00","delivery_timing":"20:00"},{"id":"105","company_id":"20","week_en":"Friday","week_he":"\\u05e9\\u05e9\\u05d9","opening_time":"Closed","closing_time":"Closed","opening_time_he":"\\u05e1\\u05d2\\u05d5\\u05e8","closing_time_he":"\\u05e1\\u05d2\\u05d5\\u05e8","delivery_timing":"Closed"},{"id":"106","company_id":"20","week_en":"Saturday","week_he":"\\u05e9\\u05d1\\u05ea","opening_time":"Closed","closing_time":"Closed","opening_time_he":"\\u05e1\\u05d2\\u05d5\\u05e8","closing_time_he":"\\u05e1\\u05d2\\u05d5\\u05e8","delivery_timing":"Closed"},{"id":"107","company_id":"20","week_en":"Sunday","week_he":"\\u05d9\\u05d5\\u05dd \\u05d0","opening_time":"8:00","closing_time":"19:00","opening_time_he":"8:00","closing_time_he":"19:00","delivery_timing":"20:00"}],"today_timings":"8:00 - 19:00","percentage_discount":"5"},"order_detail":[{"itemId":"5","itemPrice":"41.8","itemName":"Angus Salad","itemNameHe":"\\u05e1\\u05dc\\u05d8 \\u05d0\\u05e0\\u05d2\\u05d5\\u05e1","qty":"1","multiItemsOneType":[{"150 grams goose breast or entrecote":""},{"170 grams chicken breast":{"subItemId":"68","subItemPrice":"17.1","subItemName":"170 grams chicken breast","subItemNameHe":"\\u05d7\\u05d6\\u05d4 \\u05e2\\u05d5\\u05e3","qty":"1"}},{"Egg":{"subItemId":"69","subItemPrice":"3.8","subItemName":"Egg","subItemNameHe":"\\u05d1\\u05d9\\u05e6\\u05d4","qty":"1"}},{"portobello mushroom":""},{"Ketchup":""},{"Bbq":{"subItemId":"72","subItemPrice":"0","subItemName":"Bbq","subItemNameHe":"\\u05d1\\u05e8\\u05d1\\u05d9\\u05e7\\u05d9\\u05d5","qty":"1"}},{"Thousand Island":{"subItemId":"73","subItemPrice":"0","subItemName":"Thousand Island","subItemNameHe":"\\u05d0\\u05dc\\u05e3 \\u05d4\\u05d0\\u05d9\\u05d9\\u05dd","qty":"1"}},{"Garlic Mayo":{"subItemId":"74","subItemPrice":"0","subItemName":"Garlic Mayo","subItemNameHe":"\\u05e8\\u05d5\\u05d8\\u05d1 \\u05e9\\u05d5\\u05dd","qty":"1"}},{"Sweet Chilli":""},{"Spicy Chilli":""},{"Jalpe\\u00f1o":""}],"specialRequest":""}],"foodCartData":[{"name":"Angus Salad","name_he":"\\u05e1\\u05dc\\u05d8 \\u05d0\\u05e0\\u05d2\\u05d5\\u05e1","price":"62.7","price_without_subItems":"41.8","detail":"170 grams chicken breast (+17.1), Egg (+3.8), Bbq, Thousand Island, Garlic Mayo","detail_he":"\\u05d7\\u05d6\\u05d4 \\u05e2\\u05d5\\u05e3 (+17.1), \\u05d1\\u05d9\\u05e6\\u05d4 (+3.8), \\u05d1\\u05e8\\u05d1\\u05d9\\u05e7\\u05d9\\u05d5, \\u05d0\\u05dc\\u05e3 \\u05d4\\u05d0\\u05d9\\u05d9\\u05dd, \\u05e8\\u05d5\\u05d8\\u05d1 \\u05e9\\u05d5\\u05dd","orderIndex":"0","qty":"1","specialRequest":"","subItemOneIndex":"","subItemMultipleIndex":""}]}],"actual_total":"62.7","total_paid":"22.7","company_contribution":"40","payment_option":"CASH","discount":"5","selectedCardId":"","transactionId":""}', 'pending'),
(304, 66, 2, 0, 40, 40, 6, '2017-07-10 09:16:12', '', '', 5, 'CASH', '{"language":"en","company":{"company_id":"2","company_name":"test company","company_address":"Islamic Art Museum\\/HaNassi, Jerusalem, Israel","company_discount":"30","discount_type":"monthly","delivery_time":"00:59 - 01:59"},"user":{"user_id":"66","name":"ahmad","email":"ahmadworkspace@gmail.com","contact":"12312312","userDiscountFromCompany":"100"},"rests_orders":[{"selectedRestaurant":{"id":"5","city_en":"Beit Shemesh","city_he":"\\u05d1\\u05d9\\u05ea \\u05e9\\u05de\\u05e9","name_en":"Japan Japan","name_he":"\\u05d2''\\u05d0\\u05e4\\u05df \\u05d2''\\u05d0\\u05e4\\u05df","contact":"97225609531","min_amount":"0","tags":[{"id":"9","name_en":"Sushi","name_he":"\\u05e1\\u05d5\\u05e9\\u05d9","count":"0"},{"id":"10","name_en":"Asian","name_he":"\\u05d0\\u05e1\\u05d9\\u05d9\\u05ea\\u05d9","count":"0"},{"id":"2","name_en":"Meat","name_he":"\\u05d1\\u05e9\\u05e8","count":"0"}],"kashrut":[{"id":"1","name_en":"Mehadrin","name_he":"","count":"0"}],"logo":"\\/m\\/en\\/img\\/japan_logo.png","description_en":"JapanJapan serves Pan-Asian style food, specifically dishes from Japan, China and Thailand, with influences of Eastern Asian cuisine. JapanJapan carries a varied menu where you can enjoy over 80 dishes. You can choose from 15 types each of meat and chicken dishes, not to mention a varied selection of noodles and a huge sushi menu.","description_he":"\\u05d4\\u05de\\u05e0\\u05d5\\u05ea \\u05e9\\u05dc \\u05d2\\u2019\\u05d0\\u05e4\\u05df \\u05d2\\u2019\\u05d0\\u05e4\\u05df \\u05d4\\u05df \\u05d1\\u05e1\\u05d2\\u05e0\\u05d5\\u05df \\u05e4\\u05d0\\u05df-\\u05d0\\u05e1\\u05d9\\u05d9\\u05ea\\u05d9. \\u05d4\\u05e7\\u05d5 \\u05d4\\u05e7\\u05d5\\u05dc\\u05d9\\u05e0\\u05e8\\u05d9 \\u05d4\\u05de\\u05d5\\u05d1\\u05d9\\u05dc \\u05e9\\u05dc \\u05d4\\u05e8\\u05e9\\u05ea \\u05d4\\u05d5\\u05d0 \\u05d9\\u05e4\\u05df-\\u05e1\\u05d9\\u05df-\\u05ea\\u05d0\\u05d9\\u05dc\\u05e0\\u05d3. \\u05d0\\u05da \\u05e2\\u05dd \\u05d6\\u05d0\\u05ea, \\u05ea\\u05d5\\u05db\\u05dc\\u05d5 \\u05dc\\u05de\\u05e6\\u05d5\\u05d0 \\u05d1\\u05ea\\u05e4\\u05e8\\u05d9\\u05d8 \\u05d2\\u05dd \\u05d4\\u05e9\\u05e4\\u05e2\\u05d5\\u05ea \\u05de\\u05de\\u05d3\\u05d9\\u05e0\\u05d5\\u05ea \\u05e0\\u05d5\\u05e1\\u05e4\\u05d5\\u05ea \\u05d1\\u05de\\u05d6\\u05e8\\u05d7 \\u05d0\\u05e1\\u05d9\\u05d4. \\u05dc\\u05e8\\u05e9\\u05ea \\u05d2\\u2019\\u05d0\\u05e4\\u05df \\u05d2\\u2019\\u05d0\\u05e4\\u05df \\u05ea\\u05e4\\u05e8\\u05d9\\u05d8 \\u05de\\u05d2\\u05d5\\u05d5\\u05df \\u05d1\\u05d5 \\u05ea\\u05d5\\u05db\\u05dc\\u05d5 \\u05dc\\u05d4\\u05d9\\u05e0\\u05d5\\u05ea \\u05de\\u05db-80 \\u05de\\u05e0\\u05d5\\u05ea \\u05e9\\u05d5\\u05e0\\u05d5\\u05ea. \\u05ea\\u05d5\\u05db\\u05dc\\u05d5 \\u05dc\\u05d1\\u05d7\\u05d5\\u05e8 \\u05de\\u05d1\\u05d9\\u05df \\u05db-15 \\u05e1\\u05d5\\u05d2\\u05d9 \\u05de\\u05e0\\u05d5\\u05ea \\u05d1\\u05e9\\u05e8\\u05d9\\u05dd \\u05d5\\u05db-15 \\u05e1\\u05d5\\u05d2\\u05d9 \\u05de\\u05e0\\u05d5\\u05ea \\u05e2\\u05d5\\u05e3. \\u05dc\\u05d4\\u05e0\\u05d0\\u05ea\\u05db\\u05dd, \\u05d4\\u05e8\\u05e9\\u05ea \\u05de\\u05e6\\u05d9\\u05e2\\u05d4 \\u05d2\\u05dd \\u05de\\u05d1\\u05d7\\u05e8 \\u05de\\u05e0\\u05d5\\u05ea \\u05e0\\u05d5\\u05d3\\u05dc\\u05e1 \\u05d5\\u05ea\\u05e4\\u05e8\\u05d9\\u05d8 \\u05e1\\u05d5\\u05e9\\u05d9 \\u05e2\\u05dd \\u05de\\u05d1\\u05d7\\u05e8 \\u05e2\\u05e6\\u05d5\\u05dd.","address_en":"Sderot Yigal Allon 3, \\u00a0Beit Shemesh","address_he":"\\u05e7\\u05e0\\u05d9\\u05d5\\u05df \\u05d1\\u05d9\\u05d2 \\u05e4\\u05d0\\u05e9\\u05df, \\u05d9\\u05d2\\u05d0\\u05dc \\u05d0\\u05dc\\u05d5\\u05df 3","hechsher_en":"Mehadrin Beit Yosef","hechsher_he":"\\u05d1\\u05d3\\"\\u05e5 \\u05d1\\u05d9\\u05ea \\u05d9\\u05d5\\u05e1\\u05e3","gallery":[{"url":"\\/m\\/en\\/img\\/japan_gallery\\/Japan_chicken_salad.jpg"},{"url":"\\/m\\/en\\/img\\/japan_gallery\\/Japan_sake_roll.jpg"},{"url":"\\/m\\/en\\/img\\/japan_gallery\\/japan_boat_combo.jpg"},{"url":"\\/m\\/en\\/img\\/japan_gallery\\/japan_combination.jpg"},{"url":"\\/m\\/en\\/img\\/japan_gallery\\/japan_crazy_roll.jpg"},{"url":"\\/m\\/en\\/img\\/japan_gallery\\/japan_inside_out.jpg"}],"rest_lat":"31.756073","rest_lng":"34.990182","timings":[{"id":"1","company_id":"2","week_en":"Monday","week_he":"\\u05d9\\u05d5\\u05dd \\u05d1","opening_time":"08:00","closing_time":"02:00","opening_time_he":"08:00","closing_time_he":"02:00","delivery_timing":"20:00"},{"id":"2","company_id":"2","week_en":"Tuesday","week_he":"\\u05d9\\u05d5\\u05dd \\u05d2","opening_time":"00:00","closing_time":"23:30","opening_time_he":"00:00","closing_time_he":"23:30","delivery_timing":"20:00"},{"id":"3","company_id":"2","week_en":"Wednesday","week_he":"\\u05d9\\u05d5\\u05dd \\u05d3","opening_time":"10:00","closing_time":"23:59","opening_time_he":"10:00","closing_time_he":"23:59","delivery_timing":"20:00"},{"id":"4","company_id":"2","week_en":"Thursday","week_he":"\\u05d9\\u05d5\\u05dd \\u05d4","opening_time":"11:00","closing_time":"11:00","opening_time_he":"11:00","closing_time_he":"11:00","delivery_timing":"20:00"},{"id":"5","company_id":"2","week_en":"Friday","week_he":"\\u05e9\\u05e9\\u05d9","opening_time":"00:00","closing_time":"24:00","opening_time_he":"00:00","closing_time_he":"24:00","delivery_timing":"20:00"},{"id":"6","company_id":"2","week_en":"Saturday","week_he":"\\u05e9\\u05d1\\u05ea","opening_time":"00:00","closing_time":"24:00","opening_time_he":"00:00","closing_time_he":"24:00","delivery_timing":"20:00"},{"id":"7","company_id":"2","week_en":"Sunday","week_he":"\\u05d9\\u05d5\\u05dd \\u05d0","opening_time":"00:00","closing_time":"24:00","opening_time_he":"00:00","closing_time_he":"24:00","delivery_timing":"20:00"}],"today_timings":"10:00 - 23:59","percentage_discount":"6"},"order_detail":[{"itemId":"148","itemPrice":"40.42","itemName":"#87 Japan Roll","itemNameHe":"\\u05d2''\\u05d0\\u05e4\\u05df \\u05e8\\u05d5\\u05dc  #87","qty":"1","multiItemsOneType":[{"Soya":""},{"Teriyaki":{"subItemId":"856","subItemPrice":"0","subItemName":"Teriyaki","subItemNameHe":"\\u05d8\\u05e8\\u05d9\\u05d0\\u05e7\\u05d9","qty":"1"}},{"Spicy Mayonnaise":""},{"Ginger":""},{"Wasabi":""}],"specialRequest":""}],"foodCartData":[{"name":"#87 Japan Roll","name_he":"\\u05d2''\\u05d0\\u05e4\\u05df \\u05e8\\u05d5\\u05dc  #87","price":"40.42","price_without_subItems":"40.42","detail":"Teriyaki","detail_he":"\\u05d8\\u05e8\\u05d9\\u05d0\\u05e7\\u05d9","orderIndex":"0","qty":"1","specialRequest":"","subItemOneIndex":"","subItemMultipleIndex":""}]}],"actual_total":"40.42","total_paid":"0","company_contribution":"40.42","payment_option":"CASH","discount":"6","selectedCardId":"","transactionId":""}', 'pending'),
(315, 66, 2, 0, 21, 21, 6, '2017-07-19 09:44:14', '', '', 5, 'CASH', '{"language":"en","company":{"company_id":"2","company_name":"test company","company_address":"Islamic Art Museum\\/HaNassi, Jerusalem, Israel","company_discount":"30","discount_type":"monthly","delivery_time":"00:59 - 01:59"},"user":{"user_id":"66","name":"ahmad","email":"ahmadworkspace@gmail.com","contact":"12312312","userDiscountFromCompany":"100"},"rests_orders":[{"selectedRestaurant":{"id":"5","city_en":"Beit Shemesh","city_he":"\\u05d1\\u05d9\\u05ea \\u05e9\\u05de\\u05e9","name_en":"Japan Japan","name_he":"\\u05d2''\\u05d0\\u05e4\\u05df \\u05d2''\\u05d0\\u05e4\\u05df","contact":"97225609531","min_amount":"0","tags":[{"id":"9","name_en":"Sushi","name_he":"\\u05e1\\u05d5\\u05e9\\u05d9","count":"0"},{"id":"10","name_en":"Asian","name_he":"\\u05d0\\u05e1\\u05d9\\u05d9\\u05ea\\u05d9","count":"0"},{"id":"2","name_en":"Meat","name_he":"\\u05d1\\u05e9\\u05e8","count":"0"}],"kashrut":[{"id":"1","name_en":"Mehadrin","name_he":"","count":"0"}],"logo":"\\/m\\/en\\/img\\/japan_logo.png","description_en":"JapanJapan serves Pan-Asian style food, specifically dishes from Japan, China and Thailand, with influences of Eastern Asian cuisine. JapanJapan carries a varied menu where you can enjoy over 80 dishes. You can choose from 15 types each of meat and chicken dishes, not to mention a varied selection of noodles and a huge sushi menu.","description_he":"\\u05d4\\u05de\\u05e0\\u05d5\\u05ea \\u05e9\\u05dc \\u05d2\\u2019\\u05d0\\u05e4\\u05df \\u05d2\\u2019\\u05d0\\u05e4\\u05df \\u05d4\\u05df \\u05d1\\u05e1\\u05d2\\u05e0\\u05d5\\u05df \\u05e4\\u05d0\\u05df-\\u05d0\\u05e1\\u05d9\\u05d9\\u05ea\\u05d9. \\u05d4\\u05e7\\u05d5 \\u05d4\\u05e7\\u05d5\\u05dc\\u05d9\\u05e0\\u05e8\\u05d9 \\u05d4\\u05de\\u05d5\\u05d1\\u05d9\\u05dc \\u05e9\\u05dc \\u05d4\\u05e8\\u05e9\\u05ea \\u05d4\\u05d5\\u05d0 \\u05d9\\u05e4\\u05df-\\u05e1\\u05d9\\u05df-\\u05ea\\u05d0\\u05d9\\u05dc\\u05e0\\u05d3. \\u05d0\\u05da \\u05e2\\u05dd \\u05d6\\u05d0\\u05ea, \\u05ea\\u05d5\\u05db\\u05dc\\u05d5 \\u05dc\\u05de\\u05e6\\u05d5\\u05d0 \\u05d1\\u05ea\\u05e4\\u05e8\\u05d9\\u05d8 \\u05d2\\u05dd \\u05d4\\u05e9\\u05e4\\u05e2\\u05d5\\u05ea \\u05de\\u05de\\u05d3\\u05d9\\u05e0\\u05d5\\u05ea \\u05e0\\u05d5\\u05e1\\u05e4\\u05d5\\u05ea \\u05d1\\u05de\\u05d6\\u05e8\\u05d7 \\u05d0\\u05e1\\u05d9\\u05d4. \\u05dc\\u05e8\\u05e9\\u05ea \\u05d2\\u2019\\u05d0\\u05e4\\u05df \\u05d2\\u2019\\u05d0\\u05e4\\u05df \\u05ea\\u05e4\\u05e8\\u05d9\\u05d8 \\u05de\\u05d2\\u05d5\\u05d5\\u05df \\u05d1\\u05d5 \\u05ea\\u05d5\\u05db\\u05dc\\u05d5 \\u05dc\\u05d4\\u05d9\\u05e0\\u05d5\\u05ea \\u05de\\u05db-80 \\u05de\\u05e0\\u05d5\\u05ea \\u05e9\\u05d5\\u05e0\\u05d5\\u05ea. \\u05ea\\u05d5\\u05db\\u05dc\\u05d5 \\u05dc\\u05d1\\u05d7\\u05d5\\u05e8 \\u05de\\u05d1\\u05d9\\u05df \\u05db-15 \\u05e1\\u05d5\\u05d2\\u05d9 \\u05de\\u05e0\\u05d5\\u05ea \\u05d1\\u05e9\\u05e8\\u05d9\\u05dd \\u05d5\\u05db-15 \\u05e1\\u05d5\\u05d2\\u05d9 \\u05de\\u05e0\\u05d5\\u05ea \\u05e2\\u05d5\\u05e3. \\u05dc\\u05d4\\u05e0\\u05d0\\u05ea\\u05db\\u05dd, \\u05d4\\u05e8\\u05e9\\u05ea \\u05de\\u05e6\\u05d9\\u05e2\\u05d4 \\u05d2\\u05dd \\u05de\\u05d1\\u05d7\\u05e8 \\u05de\\u05e0\\u05d5\\u05ea \\u05e0\\u05d5\\u05d3\\u05dc\\u05e1 \\u05d5\\u05ea\\u05e4\\u05e8\\u05d9\\u05d8 \\u05e1\\u05d5\\u05e9\\u05d9 \\u05e2\\u05dd \\u05de\\u05d1\\u05d7\\u05e8 \\u05e2\\u05e6\\u05d5\\u05dd.","address_en":"Sderot Yigal Allon 3, \\u00a0Beit Shemesh","address_he":"\\u05e7\\u05e0\\u05d9\\u05d5\\u05df \\u05d1\\u05d9\\u05d2 \\u05e4\\u05d0\\u05e9\\u05df, \\u05d9\\u05d2\\u05d0\\u05dc \\u05d0\\u05dc\\u05d5\\u05df 3","hechsher_en":"Mehadrin Beit Yosef","hechsher_he":"\\u05d1\\u05d3\\"\\u05e5 \\u05d1\\u05d9\\u05ea \\u05d9\\u05d5\\u05e1\\u05e3","gallery":[{"url":"\\/m\\/en\\/img\\/japan_gallery\\/Japan_chicken_salad.jpg"},{"url":"\\/m\\/en\\/img\\/japan_gallery\\/Japan_sake_roll.jpg"},{"url":"\\/m\\/en\\/img\\/japan_gallery\\/japan_boat_combo.jpg"},{"url":"\\/m\\/en\\/img\\/japan_gallery\\/japan_combination.jpg"},{"url":"\\/m\\/en\\/img\\/japan_gallery\\/japan_crazy_roll.jpg"},{"url":"\\/m\\/en\\/img\\/japan_gallery\\/japan_inside_out.jpg"}],"rest_lat":"31.756073","rest_lng":"34.990182","timings":[{"id":"1","company_id":"2","week_en":"Monday","week_he":"\\u05d9\\u05d5\\u05dd \\u05d1","opening_time":"08:00","closing_time":"02:00","opening_time_he":"08:00","closing_time_he":"02:00","delivery_timing":"20:00"},{"id":"2","company_id":"2","week_en":"Tuesday","week_he":"\\u05d9\\u05d5\\u05dd \\u05d2","opening_time":"00:00","closing_time":"23:30","opening_time_he":"00:00","closing_time_he":"23:30","delivery_timing":"20:00"},{"id":"3","company_id":"2","week_en":"Wednesday","week_he":"\\u05d9\\u05d5\\u05dd \\u05d3","opening_time":"10:00","closing_time":"23:59","opening_time_he":"10:00","closing_time_he":"23:59","delivery_timing":"20:00"},{"id":"4","company_id":"2","week_en":"Thursday","week_he":"\\u05d9\\u05d5\\u05dd \\u05d4","opening_time":"11:00","closing_time":"11:00","opening_time_he":"11:00","closing_time_he":"11:00","delivery_timing":"20:00"},{"id":"5","company_id":"2","week_en":"Friday","week_he":"\\u05e9\\u05e9\\u05d9","opening_time":"00:00","closing_time":"24:00","opening_time_he":"00:00","closing_time_he":"24:00","delivery_timing":"20:00"},{"id":"6","company_id":"2","week_en":"Saturday","week_he":"\\u05e9\\u05d1\\u05ea","opening_time":"00:00","closing_time":"24:00","opening_time_he":"00:00","closing_time_he":"24:00","delivery_timing":"20:00"},{"id":"7","company_id":"2","week_en":"Sunday","week_he":"\\u05d9\\u05d5\\u05dd \\u05d0","opening_time":"00:00","closing_time":"24:00","opening_time_he":"00:00","closing_time_he":"24:00","delivery_timing":"20:00"}],"today_timings":"10:00 - 23:59","percentage_discount":"6"},"order_detail":[{"itemId":"160","itemPrice":"20.68","itemName":"#101 Taki Maki","itemNameHe":"\\u05d8\\u05d0\\u05e7\\u05d4 \\u05de\\u05d0\\u05e7\\u05d9 #101","qty":"1","multiItemsOneType":[{"Soya":""},{"Teriyaki":""},{"Spicy Mayonnaise":""},{"Ginger":""},{"Wasabi":{"subItemId":"919","subItemPrice":"0","subItemName":"Wasabi","subItemNameHe":"\\u05d5\\u05d5\\u05d0\\u05e1\\u05d1\\u05d9","qty":"1"}}],"specialRequest":""}],"foodCartData":[{"name":"#101 Taki Maki","name_he":"\\u05d8\\u05d0\\u05e7\\u05d4 \\u05de\\u05d0\\u05e7\\u05d9 #101","price":"20.68","price_without_subItems":"20.68","detail":"Wasabi","detail_he":"\\u05d5\\u05d5\\u05d0\\u05e1\\u05d1\\u05d9","orderIndex":"0","qty":"1","specialRequest":"","subItemOneIndex":"","subItemMultipleIndex":""}]}],"actual_total":"20.68","total_paid":"0","company_contribution":"20.68","payment_option":"CASH","discount":"6","selectedCardId":"","transactionId":""}', 'pending'),
(338, 66, 2, 0, 75, 75, 0, '2017-07-19 11:46:43', '', '', 50, 'CASH', '{"language":"en","company":{"company_id":"2","company_name":"test company","company_address":"Islamic Art Museum\\/HaNassi, Jerusalem, Israel","company_discount":"30","discount_type":"monthly","delivery_time":"00:59 - 01:59"},"user":{"user_id":"66","name":"ahmad","email":"ahmadworkspace@gmail.com","contact":"12312312","userDiscountFromCompany":"100"},"rests_orders":[{"selectedRestaurant":{"id":"50","city_en":"Rishon Letziyon","city_he":"\\u05e8\\u05d0\\u05e9\\u05d5\\u05df \\u05dc\\u05e6\\u05d9\\u05d5\\u05df","name_en":"Ushi Ushi the Golden","name_he":"\\u05d0\\u05d5\\u05e9\\u05d9 \\u05d0\\u05d5\\u05e9\\u05d9 \\u05d4\\u05d6\\u05d4\\u05d1","contact":"1-700708023","min_amount":"0","logo":"https:\\/\\/d25t2285lxl5rf.cloudfront.net\\/images\\/shops\\/8200.jpg","description_en":"Japanese \\/ Sushi","description_he":"\\u05d9\\u05e4\\u05e0\\u05d9\\/\\u05e1\\u05d5\\u05e9\\u05d9","address_en":"The Golden Mall Sakharov 21, Rishon Lezion","address_he":"\\u05e7\\u05e0\\u05d9\\u05d5\\u05df \\u05d4\\u05d6\\u05d4\\u05d1 \\u05e1\\u05d7\\u05e8\\u05d5\\u05d1 21, \\u05e8\\u05d0\\u05e9\\u05d5\\u05df \\u05dc\\u05e6\\u05d9\\u05d5\\u05df","hechsher_en":"There is no kosher certificate","hechsher_he":"\\u05d0\\u05d9\\u05df \\u05ea\\u05e2\\u05d5\\u05d3\\u05ea \\u05db\\u05e9\\u05e8\\u05d5\\u05ea","rest_lat":"31.991030","rest_lng":" 34.774792","timings":[{"id":"1","company_id":"2","week_en":"Monday","week_he":"\\u05d9\\u05d5\\u05dd \\u05d1","opening_time":"08:00","closing_time":"02:00","opening_time_he":"08:00","closing_time_he":"02:00","delivery_timing":"03:00"},{"id":"2","company_id":"2","week_en":"Tuesday","week_he":"\\u05d9\\u05d5\\u05dd \\u05d2","opening_time":"00:00","closing_time":"23:30","opening_time_he":"00:00","closing_time_he":"23:30","delivery_timing":"00:30"},{"id":"3","company_id":"2","week_en":"Wednesday","week_he":"\\u05d9\\u05d5\\u05dd \\u05d3","opening_time":"10:00","closing_time":"23:59","opening_time_he":"10:00","closing_time_he":"23:59","delivery_timing":"20:00"},{"id":"4","company_id":"2","week_en":"Thursday","week_he":"\\u05d9\\u05d5\\u05dd \\u05d4","opening_time":"11:00","closing_time":"11:00","opening_time_he":"11:00","closing_time_he":"11:00","delivery_timing":"12:00"},{"id":"5","company_id":"2","week_en":"Friday","week_he":"\\u05e9\\u05e9\\u05d9","opening_time":"00:00","closing_time":"24:00","opening_time_he":"00:00","closing_time_he":"24:00","delivery_timing":"01:00"},{"id":"6","company_id":"2","week_en":"Saturday","week_he":"\\u05e9\\u05d1\\u05ea","opening_time":"00:02","closing_time":"16:55","opening_time_he":"00:02","closing_time_he":"16:55","delivery_timing":"17:55"},{"id":"7","company_id":"2","week_en":"Sunday","week_he":"\\u05d9\\u05d5\\u05dd \\u05d0","opening_time":"00:00","closing_time":"24:00","opening_time_he":"00:00","closing_time_he":"24:00","delivery_timing":"01:00"}],"today_timings":"10:00 - 23:59","percentage_discount":"0"},"order_detail":[{"itemId":"4043","itemPrice":"15","itemName":"Oreo","itemNameHe":"\\u05d0\\u05d5\\u05e8\\u05d9\\u05d0\\u05d5","qty":"5","specialRequest":"Make"},{"itemId":"3937","itemPrice":"0","itemName":"Tobico products are vegetable","itemNameHe":"\\u05de\\u05d5\\u05e6\\u05e8\\u05d9 \\u05d4\\u05d8\\u05d5\\u05d1\\u05d9\\u05e7\\u05d5 \\u05d4\\u05d9\\u05e0\\u05dd \\u05e6\\u05de\\u05d7\\u05d9\\u05d9\\u05dd","qty":"102","specialRequest":""}],"foodCartData":[{"name":"Oreo","name_he":"\\u05d0\\u05d5\\u05e8\\u05d9\\u05d0\\u05d5","price":"15","price_without_subItems":"15","detail":"","detail_he":"","orderIndex":"0","qty":"5","specialRequest":"Make","subItemOneIndex":"","subItemMultipleIndex":""},{"name":"Tobico products are vegetable","name_he":"\\u05de\\u05d5\\u05e6\\u05e8\\u05d9 \\u05d4\\u05d8\\u05d5\\u05d1\\u05d9\\u05e7\\u05d5 \\u05d4\\u05d9\\u05e0\\u05dd \\u05e6\\u05de\\u05d7\\u05d9\\u05d9\\u05dd","price":"0","price_without_subItems":"0","detail":"","detail_he":"","orderIndex":"1","qty":"102","specialRequest":"","subItemOneIndex":"","subItemMultipleIndex":""}]}],"actual_total":"75","total_paid":"0","company_contribution":"75","payment_option":"CASH","discount":"0","selectedCardId":"","transactionId":""}', 'cancelled');
INSERT INTO `b2b_orders` (`id`, `user_id`, `company_id`, `total`, `actual_total`, `company_contribution`, `discount`, `date`, `platform_info`, `transaction_id`, `restaurant_id`, `payment_info`, `rest_order_object`, `order_status`) VALUES
(346, 3, 2, 78, 78, 0, 8, '2017-07-20 10:41:06', '', '', 7, 'CASH', '{"language":"en","company":{"company_id":"2","company_name":"test company","company_address":"Islamic Art Museum\\/HaNassi, Jerusalem, Israel","company_discount":"30","discount_type":"monthly","delivery_time":"00:59 - 01:59"},"user":{"user_id":"3","name":"TEST","email":"test@orderapp.com","contact":"00000000","userDiscountFromCompany":"0"},"rests_orders":[{"selectedRestaurant":{"id":"7","city_en":"Beit Shemesh","city_he":"\\u05d1\\u05d9\\u05ea \\u05e9\\u05de\\u05e9","name_en":"Greg Cafe","name_he":"\\u05e7\\u05e4\\u05d4 \\u05d2\\u05e8\\u05d2","contact":"97225609534","min_amount":"0","tags":[{"id":"17","name_en":"Dairy","name_he":"\\u05d7\\u05dc\\u05d1\\u05d9","count":"0"},{"id":"18","name_en":"Vegan","name_he":"\\u05d8\\u05d1\\u05e2\\u05d5\\u05e0\\u05d9","count":"0"}],"kashrut":[{"id":"1","name_en":"Mehadrin","name_he":"","count":"0"}],"logo":"\\/m\\/en\\/img\\/greg_logo.jpg","description_en":"Greg Cafe, located in Big Fashion mall, has made a name for itself as THE place for high quality dairy food and excellent coffee.  With a very extensive food and drinks menu, Greg caters for all tastes. The cafe prides itself in offering a large vegan menu, full of healthy, tasty options.  There are also different fish and pasta dishes, along with breakfasts, sandwiches and the most decadent salads you''ll ever have. Their takeaway service is as top notch as their eat in experience; you won''t be disappointed. ","description_he":"\\u05e7\\u05e4\\u05d4 \\u05d2\\u05e8\\u05d2 \\u05d9\\u05e6\\u05e8 \\u05dc\\u05e2\\u05e6\\u05de\\u05d5 \\u05de\\u05d5\\u05e0\\u05d9\\u05d8\\u05d9\\u05df \\u05d1\\u05ea\\u05d5\\u05e8 \\u05d1\\u05d9\\u05ea \\u05e7\\u05e4\\u05d4 \\u05d4\\u05de\\u05d2\\u05d9\\u05e9 \\u05d0\\u05d5\\u05db\\u05dc \\u05d7\\u05dc\\u05d1\\u05d9 \\u05d0\\u05d9\\u05db\\u05d5\\u05ea\\u05d9 \\u05d5\\u05e7\\u05e4\\u05d4 \\u05de\\u05e6\\u05d5\\u05d9\\u05d9\\u05df. \\u05dc\\u05e7\\u05e4\\u05d4 \\u05d2\\u05e8\\u05d2 \\u05ea\\u05e4\\u05e8\\u05d9\\u05d8 \\u05e2\\u05e9\\u05d9\\u05e8 \\u05de\\u05d0\\u05d5\\u05d3 \\u05e9\\u05d1\\u05de\\u05e8\\u05db\\u05d6\\u05d5 \\u05d0\\u05e8\\u05d5\\u05d7\\u05ea \\u05d1\\u05d5\\u05e7\\u05e8 \\u05d8\\u05e2\\u05d9\\u05de\\u05d4, \\u05e2\\u05e9\\u05d9\\u05e8\\u05d4 \\u05d5\\u05de\\u05e4\\u05e0\\u05e7\\u05ea. \\u05d4\\u05e8\\u05e9\\u05ea \\u05dc\\u05d0 \\u05e7\\u05d5\\u05e4\\u05d0\\u05ea \\u05e2\\u05dc \\u05e9\\u05de\\u05e8\\u05d9\\u05d4 \\u05dc\\u05e8\\u05d2\\u05e2, \\u05d5\\u05de\\u05e7\\u05e4\\u05d9\\u05d3\\u05d4 \\u05dc\\u05d7\\u05d3\\u05e9, \\u05dc\\u05d4\\u05ea\\u05d7\\u05d3\\u05e9 \\u05d5\\u05dc\\u05e8\\u05d2\\u05e9 \\u05d0\\u05ea \\u05e7\\u05d4\\u05dc \\u05dc\\u05e7\\u05d5\\u05d7\\u05d5\\u05ea\\u05d9\\u05d4 \\u05e2\\"\\u05d9 \\u05d4\\u05e9\\u05e7\\u05ea \\u05ea\\u05e4\\u05e8\\u05d9\\u05d8 \\u05d7\\u05d3\\u05e9, \\u05de\\u05d2\\u05d5\\u05d5\\u05df \\u05d5\\u05d0\\u05e7\\u05dc\\u05e7\\u05d8\\u05d9 \\u05de\\u05d3\\u05d9 \\u05e9\\u05e0\\u05d4, \\u05d4\\u05de\\u05e9\\u05dc\\u05d1 \\u05d0\\u05e8\\u05d5\\u05d7\\u05d5\\u05ea \\u05de\\u05db\\u05dc \\u05d4\\u05e2\\u05d5\\u05dc\\u05dd \\u05d5\\u05de\\u05de\\u05d8\\u05d1\\u05d7\\u05d9\\u05dd \\u05de\\u05d2\\u05d5\\u05d5\\u05e0\\u05d9\\u05dd \\u05d1\\u05d9\\u05e0\\u05d9\\u05d4\\u05dd \\u05de\\u05d8\\u05d1\\u05d7 \\u05d0\\u05d9\\u05d8\\u05dc\\u05e7\\u05d9, \\u05d0\\u05e1\\u05d9\\u05d9\\u05ea\\u05d9, \\u05d0\\u05de\\u05e8\\u05d9\\u05e7\\u05d0\\u05d9, \\u05d1\\u05dc\\u05e7\\u05e0\\u05d9, \\u05e9\\u05d5\\u05d5\\u05d9\\u05e6\\u05e8\\u05d9, \\u05de\\u05e7\\u05e1\\u05d9\\u05e7\\u05e0\\u05d9, \\u05e1\\u05e4\\u05e8\\u05d3\\u05d9 \\u05d5\\u05db\\u05de\\u05d5\\u05d1\\u05df - \\u05d9\\u05e9\\u05e8\\u05d0\\u05dc\\u05d9. \\u05db\\u05de\\u05d5 \\u05db\\u05df, \\u05d1\\u05d9\\u05ea \\u05d4\\u05e7\\u05e4\\u05d4 \\u05de\\u05e6\\u05d9\\u05e2 \\u05de\\u05e0\\u05d5\\u05ea \\u05d8\\u05d1\\u05e2\\u05d5\\u05e0\\u05d9\\u05d5\\u05ea \\u05d1\\u05e8\\u05d9\\u05d0\\u05d5\\u05ea \\u05d5\\u05d8\\u05e2\\u05d9\\u05de\\u05d5\\u05ea. ","address_en":"Big Fashion Mall, Yigal Alon 1, Beit Shemesh","address_he":"\\u05e7\\u05e0\\u05d9\\u05d5\\u05df \\u05d1\\u05d9\\u05d2 \\u05e4\\u05d0\\u05e9\\u05df, \\u05d9\\u05d2\\u05d0\\u05dc \\u05d0\\u05dc\\u05d5\\u05df 1, \\u05d1\\u05d9\\u05ea \\u05e9\\u05de\\u05e9","hechsher_en":"Badatz Beit Yosef","hechsher_he":"\\u05d1\\u05d3\\"\\u05e5 \\u05d1\\u05d9\\u05ea \\u05d9\\u05d5\\u05e1\\u05e3  \\u00a0 \\u00a0 \\u00a0 \\u00a0 ","gallery":[{"url":"\\/m\\/en\\/img\\/greg_gallery\\/Antipasto Shakshuka.png"},{"url":"\\/m\\/en\\/img\\/greg_gallery\\/Baked Salmon Fillet with vegitables.png"},{"url":"\\/m\\/en\\/img\\/greg_gallery\\/Bass Fillet.png"},{"url":"\\/m\\/en\\/img\\/greg_gallery\\/Breakfast for two.png"},{"url":"\\/m\\/en\\/img\\/greg_gallery\\/Breakfast.png"},{"url":"\\/m\\/en\\/img\\/greg_gallery\\/Breakfastt.png"},{"url":"\\/m\\/en\\/img\\/greg_gallery\\/Cheese Filo Burreka.png"},{"url":"\\/m\\/en\\/img\\/greg_gallery\\/Cheese Tortilla.png"},{"url":"\\/m\\/en\\/img\\/greg_gallery\\/Double Veggie Burger.png"},{"url":"\\/m\\/en\\/img\\/greg_gallery\\/Vegitables in Curry.png"},{"url":"\\/m\\/en\\/img\\/greg_gallery\\/Scandinavian Morning.png"}],"rest_lat":"31.766797","rest_lng":"34.988855","timings":[{"id":"1","company_id":"2","week_en":"Monday","week_he":"\\u05d9\\u05d5\\u05dd \\u05d1","opening_time":"08:00","closing_time":"02:00","opening_time_he":"08:00","closing_time_he":"02:00","delivery_timing":"03:00"},{"id":"2","company_id":"2","week_en":"Tuesday","week_he":"\\u05d9\\u05d5\\u05dd \\u05d2","opening_time":"00:00","closing_time":"23:30","opening_time_he":"00:00","closing_time_he":"23:30","delivery_timing":"00:30"},{"id":"3","company_id":"2","week_en":"Wednesday","week_he":"\\u05d9\\u05d5\\u05dd \\u05d3","opening_time":"10:00","closing_time":"23:59","opening_time_he":"10:00","closing_time_he":"23:59","delivery_timing":"20:20"},{"id":"4","company_id":"2","week_en":"Thursday","week_he":"\\u05d9\\u05d5\\u05dd \\u05d4","opening_time":"00:00","closing_time":"23:59","opening_time_he":"00:00","closing_time_he":"23:59","delivery_timing":"14:50"},{"id":"5","company_id":"2","week_en":"Friday","week_he":"\\u05e9\\u05e9\\u05d9","opening_time":"00:00","closing_time":"24:00","opening_time_he":"00:00","closing_time_he":"24:00","delivery_timing":"01:00"},{"id":"6","company_id":"2","week_en":"Saturday","week_he":"\\u05e9\\u05d1\\u05ea","opening_time":"00:02","closing_time":"16:55","opening_time_he":"00:02","closing_time_he":"16:55","delivery_timing":"17:55"},{"id":"7","company_id":"2","week_en":"Sunday","week_he":"\\u05d9\\u05d5\\u05dd \\u05d0","opening_time":"00:00","closing_time":"24:00","opening_time_he":"00:00","closing_time_he":"24:00","delivery_timing":"01:00"}],"today_timings":"00:00 - 23:59","percentage_discount":"8"},"order_detail":[{"itemId":"383","itemPrice":"15.64","itemName":"Assorted Pastries","itemNameHe":"\\u05de\\u05d1\\u05d7\\u05e8 \\u05de\\u05d0\\u05e4\\u05d9\\u05dd","qty":"5","subItemsOneType":[{"Pastries":{"subItemId":"79297","replace_price":"0","subItemPrice":"0","subItemName":"Chocolate Pastry","subItemNameHe":"\\u05de\\u05d0\\u05e4\\u05d4 \\u05e9\\u05d5\\u05e7\\u05d5\\u05dc\\u05d3","qty":"5"}}],"specialRequest":""}],"foodCartData":[{"name":"Assorted Pastries","name_he":"\\u05de\\u05d1\\u05d7\\u05e8 \\u05de\\u05d0\\u05e4\\u05d9\\u05dd","price":"15.64","price_without_subItems":"15.64","detail":"Chocolate Pastry","detail_he":"\\u05de\\u05d0\\u05e4\\u05d4 \\u05e9\\u05d5\\u05e7\\u05d5\\u05dc\\u05d3","orderIndex":"0","qty":"5","specialRequest":"","subItemOneIndex":"","subItemMultipleIndex":""}]}],"actual_total":"78.2","total_paid":"78.2","company_contribution":"0","payment_option":"CASH","discount":"8","selectedCardId":"","transactionId":""}', 'pending'),
(347, 3, 2, 78, 78, 0, 8, '2017-07-20 10:43:07', '', '', 7, 'CASH', '{"language":"en","company":{"company_id":"2","company_name":"test company","company_address":"Islamic Art Museum\\/HaNassi, Jerusalem, Israel","company_discount":"30","discount_type":"monthly","delivery_time":"00:59 - 01:59"},"user":{"user_id":"3","name":"TEST","email":"test@orderapp.com","contact":"00000000","userDiscountFromCompany":"0"},"rests_orders":[{"selectedRestaurant":{"id":"7","city_en":"Beit Shemesh","city_he":"\\u05d1\\u05d9\\u05ea \\u05e9\\u05de\\u05e9","name_en":"Greg Cafe","name_he":"\\u05e7\\u05e4\\u05d4 \\u05d2\\u05e8\\u05d2","contact":"97225609534","min_amount":"0","tags":[{"id":"17","name_en":"Dairy","name_he":"\\u05d7\\u05dc\\u05d1\\u05d9","count":"0"},{"id":"18","name_en":"Vegan","name_he":"\\u05d8\\u05d1\\u05e2\\u05d5\\u05e0\\u05d9","count":"0"}],"kashrut":[{"id":"1","name_en":"Mehadrin","name_he":"","count":"0"}],"logo":"\\/m\\/en\\/img\\/greg_logo.jpg","description_en":"Greg Cafe, located in Big Fashion mall, has made a name for itself as THE place for high quality dairy food and excellent coffee.  With a very extensive food and drinks menu, Greg caters for all tastes. The cafe prides itself in offering a large vegan menu, full of healthy, tasty options.  There are also different fish and pasta dishes, along with breakfasts, sandwiches and the most decadent salads you''ll ever have. Their takeaway service is as top notch as their eat in experience; you won''t be disappointed. ","description_he":"\\u05e7\\u05e4\\u05d4 \\u05d2\\u05e8\\u05d2 \\u05d9\\u05e6\\u05e8 \\u05dc\\u05e2\\u05e6\\u05de\\u05d5 \\u05de\\u05d5\\u05e0\\u05d9\\u05d8\\u05d9\\u05df \\u05d1\\u05ea\\u05d5\\u05e8 \\u05d1\\u05d9\\u05ea \\u05e7\\u05e4\\u05d4 \\u05d4\\u05de\\u05d2\\u05d9\\u05e9 \\u05d0\\u05d5\\u05db\\u05dc \\u05d7\\u05dc\\u05d1\\u05d9 \\u05d0\\u05d9\\u05db\\u05d5\\u05ea\\u05d9 \\u05d5\\u05e7\\u05e4\\u05d4 \\u05de\\u05e6\\u05d5\\u05d9\\u05d9\\u05df. \\u05dc\\u05e7\\u05e4\\u05d4 \\u05d2\\u05e8\\u05d2 \\u05ea\\u05e4\\u05e8\\u05d9\\u05d8 \\u05e2\\u05e9\\u05d9\\u05e8 \\u05de\\u05d0\\u05d5\\u05d3 \\u05e9\\u05d1\\u05de\\u05e8\\u05db\\u05d6\\u05d5 \\u05d0\\u05e8\\u05d5\\u05d7\\u05ea \\u05d1\\u05d5\\u05e7\\u05e8 \\u05d8\\u05e2\\u05d9\\u05de\\u05d4, \\u05e2\\u05e9\\u05d9\\u05e8\\u05d4 \\u05d5\\u05de\\u05e4\\u05e0\\u05e7\\u05ea. \\u05d4\\u05e8\\u05e9\\u05ea \\u05dc\\u05d0 \\u05e7\\u05d5\\u05e4\\u05d0\\u05ea \\u05e2\\u05dc \\u05e9\\u05de\\u05e8\\u05d9\\u05d4 \\u05dc\\u05e8\\u05d2\\u05e2, \\u05d5\\u05de\\u05e7\\u05e4\\u05d9\\u05d3\\u05d4 \\u05dc\\u05d7\\u05d3\\u05e9, \\u05dc\\u05d4\\u05ea\\u05d7\\u05d3\\u05e9 \\u05d5\\u05dc\\u05e8\\u05d2\\u05e9 \\u05d0\\u05ea \\u05e7\\u05d4\\u05dc \\u05dc\\u05e7\\u05d5\\u05d7\\u05d5\\u05ea\\u05d9\\u05d4 \\u05e2\\"\\u05d9 \\u05d4\\u05e9\\u05e7\\u05ea \\u05ea\\u05e4\\u05e8\\u05d9\\u05d8 \\u05d7\\u05d3\\u05e9, \\u05de\\u05d2\\u05d5\\u05d5\\u05df \\u05d5\\u05d0\\u05e7\\u05dc\\u05e7\\u05d8\\u05d9 \\u05de\\u05d3\\u05d9 \\u05e9\\u05e0\\u05d4, \\u05d4\\u05de\\u05e9\\u05dc\\u05d1 \\u05d0\\u05e8\\u05d5\\u05d7\\u05d5\\u05ea \\u05de\\u05db\\u05dc \\u05d4\\u05e2\\u05d5\\u05dc\\u05dd \\u05d5\\u05de\\u05de\\u05d8\\u05d1\\u05d7\\u05d9\\u05dd \\u05de\\u05d2\\u05d5\\u05d5\\u05e0\\u05d9\\u05dd \\u05d1\\u05d9\\u05e0\\u05d9\\u05d4\\u05dd \\u05de\\u05d8\\u05d1\\u05d7 \\u05d0\\u05d9\\u05d8\\u05dc\\u05e7\\u05d9, \\u05d0\\u05e1\\u05d9\\u05d9\\u05ea\\u05d9, \\u05d0\\u05de\\u05e8\\u05d9\\u05e7\\u05d0\\u05d9, \\u05d1\\u05dc\\u05e7\\u05e0\\u05d9, \\u05e9\\u05d5\\u05d5\\u05d9\\u05e6\\u05e8\\u05d9, \\u05de\\u05e7\\u05e1\\u05d9\\u05e7\\u05e0\\u05d9, \\u05e1\\u05e4\\u05e8\\u05d3\\u05d9 \\u05d5\\u05db\\u05de\\u05d5\\u05d1\\u05df - \\u05d9\\u05e9\\u05e8\\u05d0\\u05dc\\u05d9. \\u05db\\u05de\\u05d5 \\u05db\\u05df, \\u05d1\\u05d9\\u05ea \\u05d4\\u05e7\\u05e4\\u05d4 \\u05de\\u05e6\\u05d9\\u05e2 \\u05de\\u05e0\\u05d5\\u05ea \\u05d8\\u05d1\\u05e2\\u05d5\\u05e0\\u05d9\\u05d5\\u05ea \\u05d1\\u05e8\\u05d9\\u05d0\\u05d5\\u05ea \\u05d5\\u05d8\\u05e2\\u05d9\\u05de\\u05d5\\u05ea. ","address_en":"Big Fashion Mall, Yigal Alon 1, Beit Shemesh","address_he":"\\u05e7\\u05e0\\u05d9\\u05d5\\u05df \\u05d1\\u05d9\\u05d2 \\u05e4\\u05d0\\u05e9\\u05df, \\u05d9\\u05d2\\u05d0\\u05dc \\u05d0\\u05dc\\u05d5\\u05df 1, \\u05d1\\u05d9\\u05ea \\u05e9\\u05de\\u05e9","hechsher_en":"Badatz Beit Yosef","hechsher_he":"\\u05d1\\u05d3\\"\\u05e5 \\u05d1\\u05d9\\u05ea \\u05d9\\u05d5\\u05e1\\u05e3  \\u00a0 \\u00a0 \\u00a0 \\u00a0 ","gallery":[{"url":"\\/m\\/en\\/img\\/greg_gallery\\/Antipasto Shakshuka.png"},{"url":"\\/m\\/en\\/img\\/greg_gallery\\/Baked Salmon Fillet with vegitables.png"},{"url":"\\/m\\/en\\/img\\/greg_gallery\\/Bass Fillet.png"},{"url":"\\/m\\/en\\/img\\/greg_gallery\\/Breakfast for two.png"},{"url":"\\/m\\/en\\/img\\/greg_gallery\\/Breakfast.png"},{"url":"\\/m\\/en\\/img\\/greg_gallery\\/Breakfastt.png"},{"url":"\\/m\\/en\\/img\\/greg_gallery\\/Cheese Filo Burreka.png"},{"url":"\\/m\\/en\\/img\\/greg_gallery\\/Cheese Tortilla.png"},{"url":"\\/m\\/en\\/img\\/greg_gallery\\/Double Veggie Burger.png"},{"url":"\\/m\\/en\\/img\\/greg_gallery\\/Vegitables in Curry.png"},{"url":"\\/m\\/en\\/img\\/greg_gallery\\/Scandinavian Morning.png"}],"rest_lat":"31.766797","rest_lng":"34.988855","timings":[{"id":"1","company_id":"2","week_en":"Monday","week_he":"\\u05d9\\u05d5\\u05dd \\u05d1","opening_time":"08:00","closing_time":"02:00","opening_time_he":"08:00","closing_time_he":"02:00","delivery_timing":"03:00"},{"id":"2","company_id":"2","week_en":"Tuesday","week_he":"\\u05d9\\u05d5\\u05dd \\u05d2","opening_time":"00:00","closing_time":"23:30","opening_time_he":"00:00","closing_time_he":"23:30","delivery_timing":"00:30"},{"id":"3","company_id":"2","week_en":"Wednesday","week_he":"\\u05d9\\u05d5\\u05dd \\u05d3","opening_time":"10:00","closing_time":"23:59","opening_time_he":"10:00","closing_time_he":"23:59","delivery_timing":"20:20"},{"id":"4","company_id":"2","week_en":"Thursday","week_he":"\\u05d9\\u05d5\\u05dd \\u05d4","opening_time":"00:00","closing_time":"23:59","opening_time_he":"00:00","closing_time_he":"23:59","delivery_timing":"14:50"},{"id":"5","company_id":"2","week_en":"Friday","week_he":"\\u05e9\\u05e9\\u05d9","opening_time":"00:00","closing_time":"24:00","opening_time_he":"00:00","closing_time_he":"24:00","delivery_timing":"01:00"},{"id":"6","company_id":"2","week_en":"Saturday","week_he":"\\u05e9\\u05d1\\u05ea","opening_time":"00:02","closing_time":"16:55","opening_time_he":"00:02","closing_time_he":"16:55","delivery_timing":"17:55"},{"id":"7","company_id":"2","week_en":"Sunday","week_he":"\\u05d9\\u05d5\\u05dd \\u05d0","opening_time":"00:00","closing_time":"24:00","opening_time_he":"00:00","closing_time_he":"24:00","delivery_timing":"01:00"}],"today_timings":"00:00 - 23:59","percentage_discount":"8"},"order_detail":[{"itemId":"383","itemPrice":"15.64","itemName":"Assorted Pastries","itemNameHe":"\\u05de\\u05d1\\u05d7\\u05e8 \\u05de\\u05d0\\u05e4\\u05d9\\u05dd","qty":"5","subItemsOneType":[{"Pastries":{"subItemId":"79297","replace_price":"0","subItemPrice":"0","subItemName":"Chocolate Pastry","subItemNameHe":"\\u05de\\u05d0\\u05e4\\u05d4 \\u05e9\\u05d5\\u05e7\\u05d5\\u05dc\\u05d3","qty":"5"}}],"specialRequest":""}],"foodCartData":[{"name":"Assorted Pastries","name_he":"\\u05de\\u05d1\\u05d7\\u05e8 \\u05de\\u05d0\\u05e4\\u05d9\\u05dd","price":"15.64","price_without_subItems":"15.64","detail":"Chocolate Pastry","detail_he":"\\u05de\\u05d0\\u05e4\\u05d4 \\u05e9\\u05d5\\u05e7\\u05d5\\u05dc\\u05d3","orderIndex":"0","qty":"5","specialRequest":"","subItemOneIndex":"","subItemMultipleIndex":""}]}],"actual_total":"78.2","total_paid":"78.2","company_contribution":"0","payment_option":"CASH","discount":"8","selectedCardId":"","transactionId":""}', 'pending'),
(348, 3, 2, 70, 70, 0, 0, '2017-07-20 10:43:22', '', '', 2, 'CASH', '{"language":"en","company":{"company_id":"2","company_name":"test company","company_address":"Islamic Art Museum\\/HaNassi, Jerusalem, Israel","company_discount":"30","discount_type":"monthly","delivery_time":"00:59 - 01:59"},"user":{"user_id":"3","name":"TEST","email":"test@orderapp.com","contact":"00000000","userDiscountFromCompany":"0"},"rests_orders":[{"selectedRestaurant":{"id":"2","city_en":"Beit Shemesh","city_he":"\\u05d1\\u05d9\\u05ea \\u05e9\\u05de\\u05e9","name_en":"Meshulashim","name_he":"\\u05e4\\u05d9\\u05e6\\u05d4 \\u05de\\u05e9\\u05d5\\u05dc\\u05e9\\u05d9\\u05dd","contact":"97225609532","min_amount":"0","tags":[{"id":"8","name_en":"Pizza","name_he":"\\u05e4\\u05d9\\u05e6\\u05d4","count":"0"},{"id":"11","name_en":"Salad","name_he":"\\u05e1\\u05dc\\u05d8","count":"0"},{"id":"12","name_en":"Toast","name_he":"\\u05d8\\u05d5\\u05e1\\u05d8","count":"0"}],"kashrut":[{"id":"2","name_en":"kashrut 1","name_he":"","count":"0"}],"logo":"\\/m\\/en\\/img\\/meshulashim_logo.png","description_en":"The best pizza in Bet Shemesh. We only use fresh products in our classic dishes. It''s the type of place Bet Shemesh has been yearning for. Try one of the creative ones such as our spicy pizza or go classic with our margarita pizza. Either way, you gotta get a pizza here!","description_he":"\\u05d4\\u05e4\\u05d9\\u05e6\\u05e8\\u05d9\\u05d4 \\u05db\\u05e9\\u05e8\\u05d4 \\u05d5\\u05de\\u05d2\\u05d9\\u05e9\\u05d4 \\u05de\\u05d1\\u05d7\\u05e8 \\u05e9\\u05dc \\u05de\\u05e0\\u05d5\\u05ea \\u05db\\u05d2\\u05d5\\u05df \\u05e4\\u05d9\\u05e6\\u05d5\\u05ea, \\u05e4\\u05e1\\u05d8\\u05d5\\u05ea \\u05d1\\u05e8\\u05d8\\u05d1\\u05d9\\u05dd \\u05e2\\u05e9\\u05d9\\u05e8\\u05d9\\u05dd, \\u05e1\\u05dc\\u05d8\\u05d9\\u05dd \\u05de\\u05d9\\u05e8\\u05e7\\u05d5\\u05ea \\u05d8\\u05e8\\u05d9\\u05d9\\u05dd \\u05d4\\u05e0\\u05d7\\u05ea\\u05db\\u05d9\\u05dd \\u05d1\\u05de\\u05e7\\u05d5\\u05dd, \\u05d1\\u05d5\\u05e8\\u05e7\\u05e1\\u05d9\\u05dd \\u05d1\\u05d8\\u05e2\\u05de\\u05d9\\u05dd \\u05d5\\u05db\\u05df \\u05d2\\u05dd \\u05d8\\u05d5\\u05e1\\u05d8\\u05d9\\u05dd. \\u05e0\\u05d9\\u05ea\\u05df \\u05dc\\u05d4\\u05d6\\u05de\\u05d9\\u05df \\u05d0\\u05ea \\u05d4\\u05e4\\u05d9\\u05e6\\u05d5\\u05ea \\u05d4\\u05d8\\u05e2\\u05d9\\u05de\\u05d5\\u05ea \\u05e9\\u05dc \\u05de\\u05e9\\u05d5\\u05dc\\u05e9\\u05d9\\u05dd \\u05d2\\u05dd \\u05dc\\u05dc\\u05d0 \\u05d2\\u05dc\\u05d5\\u05d8\\u05df.","address_en":"\\nSderot Yigal Allon 6, Beit Shemesh","address_he":"\\u05e9\\u05d3'' \\u05d9\\u05d2\\u05d0\\u05dc \\u05d0\\u05dc\\u05d5\\u05df 6, \\u05e7\\u05e0\\u05d9\\u05d5\\u05df \\u05e9\\u05e2\\u05e8 \\u05d4\\u05e2\\u05d9\\u05e8, \\u05d1\\u05d9\\u05ea \\u05e9\\u05de\\u05e9","hechsher_en":"Mehadrin Rav Landau","hechsher_he":"\\u05db\\u05e9\\u05e8 \\u05dc\\u05de\\u05d4\\u05d3\\u05e8\\u05d9\\u05df \\u05d4\\u05e8\\u05d1 \\u05dc\\u05e0\\u05d3\\u05d0 ","gallery":[{"url":"\\/m\\/en\\/img\\/mesh_gallery\\/mesh_1.png"},{"url":"\\/m\\/en\\/img\\/mesh_gallery\\/mesh_2.png"}],"rest_lat":"31.7559585","rest_lng":"34.987620900000024","timings":[{"id":"1","company_id":"2","week_en":"Monday","week_he":"\\u05d9\\u05d5\\u05dd \\u05d1","opening_time":"08:00","closing_time":"02:00","opening_time_he":"08:00","closing_time_he":"02:00","delivery_timing":"03:00"},{"id":"2","company_id":"2","week_en":"Tuesday","week_he":"\\u05d9\\u05d5\\u05dd \\u05d2","opening_time":"00:00","closing_time":"23:30","opening_time_he":"00:00","closing_time_he":"23:30","delivery_timing":"00:30"},{"id":"3","company_id":"2","week_en":"Wednesday","week_he":"\\u05d9\\u05d5\\u05dd \\u05d3","opening_time":"10:00","closing_time":"23:59","opening_time_he":"10:00","closing_time_he":"23:59","delivery_timing":"20:20"},{"id":"4","company_id":"2","week_en":"Thursday","week_he":"\\u05d9\\u05d5\\u05dd \\u05d4","opening_time":"00:00","closing_time":"23:59","opening_time_he":"00:00","closing_time_he":"23:59","delivery_timing":"14:50"},{"id":"5","company_id":"2","week_en":"Friday","week_he":"\\u05e9\\u05e9\\u05d9","opening_time":"00:00","closing_time":"24:00","opening_time_he":"00:00","closing_time_he":"24:00","delivery_timing":"01:00"},{"id":"6","company_id":"2","week_en":"Saturday","week_he":"\\u05e9\\u05d1\\u05ea","opening_time":"00:02","closing_time":"16:55","opening_time_he":"00:02","closing_time_he":"16:55","delivery_timing":"17:55"},{"id":"7","company_id":"2","week_en":"Sunday","week_he":"\\u05d9\\u05d5\\u05dd \\u05d0","opening_time":"00:00","closing_time":"24:00","opening_time_he":"00:00","closing_time_he":"24:00","delivery_timing":"01:00"}],"today_timings":"00:00 - 23:59","percentage_discount":"0"},"order_detail":[{"itemId":"28","itemPrice":"65","itemName":"Xl Pie","itemNameHe":"\\u05de\\u05d2\\u05e9 xl","qty":"1","multiItemsOneType":[{"Onions":""},{"Mushrooms":""},{"Olives":""},{"Tomatoes":""},{"Corn":{"subItemId":"269","subItemPrice":"5","subItemName":"Corn","subItemNameHe":"\\u05ea\\u05d9\\u05e8\\u05e1","qty":"1"}},{"Vegan Cheese":""},{"Egg":""}],"specialRequest":""}],"foodCartData":[{"name":"Xl Pie","name_he":"\\u05de\\u05d2\\u05e9 xl","price":"70","price_without_subItems":"65","detail":"Corn (+5)","detail_he":"\\u05ea\\u05d9\\u05e8\\u05e1 (+5)","orderIndex":"0","qty":"1","specialRequest":"","subItemOneIndex":"","subItemMultipleIndex":""}]}],"actual_total":"70","total_paid":"70","company_contribution":"0","payment_option":"CASH","discount":"0","selectedCardId":"","transactionId":""}', 'pending'),
(349, 3, 2, 70, 70, 0, 0, '2017-07-20 10:44:52', '', '', 2, 'CASH', '{"language":"en","company":{"company_id":"2","company_name":"test company","company_address":"Islamic Art Museum\\/HaNassi, Jerusalem, Israel","company_discount":"30","discount_type":"monthly","delivery_time":"00:59 - 01:59"},"user":{"user_id":"3","name":"TEST","email":"test@orderapp.com","contact":"00000000","userDiscountFromCompany":"0"},"rests_orders":[{"selectedRestaurant":{"id":"2","city_en":"Beit Shemesh","city_he":"\\u05d1\\u05d9\\u05ea \\u05e9\\u05de\\u05e9","name_en":"Meshulashim","name_he":"\\u05e4\\u05d9\\u05e6\\u05d4 \\u05de\\u05e9\\u05d5\\u05dc\\u05e9\\u05d9\\u05dd","contact":"97225609532","min_amount":"0","tags":[{"id":"8","name_en":"Pizza","name_he":"\\u05e4\\u05d9\\u05e6\\u05d4","count":"0"},{"id":"11","name_en":"Salad","name_he":"\\u05e1\\u05dc\\u05d8","count":"0"},{"id":"12","name_en":"Toast","name_he":"\\u05d8\\u05d5\\u05e1\\u05d8","count":"0"}],"kashrut":[{"id":"2","name_en":"kashrut 1","name_he":"","count":"0"}],"logo":"\\/m\\/en\\/img\\/meshulashim_logo.png","description_en":"The best pizza in Bet Shemesh. We only use fresh products in our classic dishes. It''s the type of place Bet Shemesh has been yearning for. Try one of the creative ones such as our spicy pizza or go classic with our margarita pizza. Either way, you gotta get a pizza here!","description_he":"\\u05d4\\u05e4\\u05d9\\u05e6\\u05e8\\u05d9\\u05d4 \\u05db\\u05e9\\u05e8\\u05d4 \\u05d5\\u05de\\u05d2\\u05d9\\u05e9\\u05d4 \\u05de\\u05d1\\u05d7\\u05e8 \\u05e9\\u05dc \\u05de\\u05e0\\u05d5\\u05ea \\u05db\\u05d2\\u05d5\\u05df \\u05e4\\u05d9\\u05e6\\u05d5\\u05ea, \\u05e4\\u05e1\\u05d8\\u05d5\\u05ea \\u05d1\\u05e8\\u05d8\\u05d1\\u05d9\\u05dd \\u05e2\\u05e9\\u05d9\\u05e8\\u05d9\\u05dd, \\u05e1\\u05dc\\u05d8\\u05d9\\u05dd \\u05de\\u05d9\\u05e8\\u05e7\\u05d5\\u05ea \\u05d8\\u05e8\\u05d9\\u05d9\\u05dd \\u05d4\\u05e0\\u05d7\\u05ea\\u05db\\u05d9\\u05dd \\u05d1\\u05de\\u05e7\\u05d5\\u05dd, \\u05d1\\u05d5\\u05e8\\u05e7\\u05e1\\u05d9\\u05dd \\u05d1\\u05d8\\u05e2\\u05de\\u05d9\\u05dd \\u05d5\\u05db\\u05df \\u05d2\\u05dd \\u05d8\\u05d5\\u05e1\\u05d8\\u05d9\\u05dd. \\u05e0\\u05d9\\u05ea\\u05df \\u05dc\\u05d4\\u05d6\\u05de\\u05d9\\u05df \\u05d0\\u05ea \\u05d4\\u05e4\\u05d9\\u05e6\\u05d5\\u05ea \\u05d4\\u05d8\\u05e2\\u05d9\\u05de\\u05d5\\u05ea \\u05e9\\u05dc \\u05de\\u05e9\\u05d5\\u05dc\\u05e9\\u05d9\\u05dd \\u05d2\\u05dd \\u05dc\\u05dc\\u05d0 \\u05d2\\u05dc\\u05d5\\u05d8\\u05df.","address_en":"\\nSderot Yigal Allon 6, Beit Shemesh","address_he":"\\u05e9\\u05d3'' \\u05d9\\u05d2\\u05d0\\u05dc \\u05d0\\u05dc\\u05d5\\u05df 6, \\u05e7\\u05e0\\u05d9\\u05d5\\u05df \\u05e9\\u05e2\\u05e8 \\u05d4\\u05e2\\u05d9\\u05e8, \\u05d1\\u05d9\\u05ea \\u05e9\\u05de\\u05e9","hechsher_en":"Mehadrin Rav Landau","hechsher_he":"\\u05db\\u05e9\\u05e8 \\u05dc\\u05de\\u05d4\\u05d3\\u05e8\\u05d9\\u05df \\u05d4\\u05e8\\u05d1 \\u05dc\\u05e0\\u05d3\\u05d0 ","gallery":[{"url":"\\/m\\/en\\/img\\/mesh_gallery\\/mesh_1.png"},{"url":"\\/m\\/en\\/img\\/mesh_gallery\\/mesh_2.png"}],"rest_lat":"31.7559585","rest_lng":"34.987620900000024","timings":[{"id":"1","company_id":"2","week_en":"Monday","week_he":"\\u05d9\\u05d5\\u05dd \\u05d1","opening_time":"08:00","closing_time":"02:00","opening_time_he":"08:00","closing_time_he":"02:00","delivery_timing":"03:00"},{"id":"2","company_id":"2","week_en":"Tuesday","week_he":"\\u05d9\\u05d5\\u05dd \\u05d2","opening_time":"00:00","closing_time":"23:30","opening_time_he":"00:00","closing_time_he":"23:30","delivery_timing":"00:30"},{"id":"3","company_id":"2","week_en":"Wednesday","week_he":"\\u05d9\\u05d5\\u05dd \\u05d3","opening_time":"10:00","closing_time":"23:59","opening_time_he":"10:00","closing_time_he":"23:59","delivery_timing":"20:20"},{"id":"4","company_id":"2","week_en":"Thursday","week_he":"\\u05d9\\u05d5\\u05dd \\u05d4","opening_time":"00:00","closing_time":"23:59","opening_time_he":"00:00","closing_time_he":"23:59","delivery_timing":"14:50"},{"id":"5","company_id":"2","week_en":"Friday","week_he":"\\u05e9\\u05e9\\u05d9","opening_time":"00:00","closing_time":"24:00","opening_time_he":"00:00","closing_time_he":"24:00","delivery_timing":"01:00"},{"id":"6","company_id":"2","week_en":"Saturday","week_he":"\\u05e9\\u05d1\\u05ea","opening_time":"00:02","closing_time":"16:55","opening_time_he":"00:02","closing_time_he":"16:55","delivery_timing":"17:55"},{"id":"7","company_id":"2","week_en":"Sunday","week_he":"\\u05d9\\u05d5\\u05dd \\u05d0","opening_time":"00:00","closing_time":"24:00","opening_time_he":"00:00","closing_time_he":"24:00","delivery_timing":"01:00"}],"today_timings":"00:00 - 23:59","percentage_discount":"0"},"order_detail":[{"itemId":"28","itemPrice":"65","itemName":"Xl Pie","itemNameHe":"\\u05de\\u05d2\\u05e9 xl","qty":"1","multiItemsOneType":[{"Onions":""},{"Mushrooms":""},{"Olives":""},{"Tomatoes":""},{"Corn":{"subItemId":"269","subItemPrice":"5","subItemName":"Corn","subItemNameHe":"\\u05ea\\u05d9\\u05e8\\u05e1","qty":"1"}},{"Vegan Cheese":""},{"Egg":""}],"specialRequest":""}],"foodCartData":[{"name":"Xl Pie","name_he":"\\u05de\\u05d2\\u05e9 xl","price":"70","price_without_subItems":"65","detail":"Corn (+5)","detail_he":"\\u05ea\\u05d9\\u05e8\\u05e1 (+5)","orderIndex":"0","qty":"1","specialRequest":"","subItemOneIndex":"","subItemMultipleIndex":""}]}],"actual_total":"70","total_paid":"70","company_contribution":"0","payment_option":"CASH","discount":"0","selectedCardId":"9","transactionId":""}', 'cancelled'),
(350, 3, 2, 160, 160, 0, 0, '2017-07-20 11:11:10', '', '', 2, 'CASH', '{"language":"en","company":{"company_id":"2","company_name":"test company","company_address":"Islamic Art Museum\\/HaNassi, Jerusalem, Israel","company_discount":"30","discount_type":"monthly","delivery_time":"00:59 - 01:59"},"user":{"user_id":"3","name":"TEST","email":"test@orderapp.com","contact":"00000000","userDiscountFromCompany":"0"},"rests_orders":[{"selectedRestaurant":{"id":"2","city_en":"Beit Shemesh","city_he":"\\u05d1\\u05d9\\u05ea \\u05e9\\u05de\\u05e9","name_en":"Meshulashim","name_he":"\\u05e4\\u05d9\\u05e6\\u05d4 \\u05de\\u05e9\\u05d5\\u05dc\\u05e9\\u05d9\\u05dd","contact":"97225609532","min_amount":"0","tags":[{"id":"8","name_en":"Pizza","name_he":"\\u05e4\\u05d9\\u05e6\\u05d4","count":"0"},{"id":"11","name_en":"Salad","name_he":"\\u05e1\\u05dc\\u05d8","count":"0"},{"id":"12","name_en":"Toast","name_he":"\\u05d8\\u05d5\\u05e1\\u05d8","count":"0"}],"kashrut":[{"id":"2","name_en":"kashrut 1","name_he":"","count":"0"}],"logo":"\\/m\\/en\\/img\\/meshulashim_logo.png","description_en":"The best pizza in Bet Shemesh. We only use fresh products in our classic dishes. It''s the type of place Bet Shemesh has been yearning for. Try one of the creative ones such as our spicy pizza or go classic with our margarita pizza. Either way, you gotta get a pizza here!","description_he":"\\u05d4\\u05e4\\u05d9\\u05e6\\u05e8\\u05d9\\u05d4 \\u05db\\u05e9\\u05e8\\u05d4 \\u05d5\\u05de\\u05d2\\u05d9\\u05e9\\u05d4 \\u05de\\u05d1\\u05d7\\u05e8 \\u05e9\\u05dc \\u05de\\u05e0\\u05d5\\u05ea \\u05db\\u05d2\\u05d5\\u05df \\u05e4\\u05d9\\u05e6\\u05d5\\u05ea, \\u05e4\\u05e1\\u05d8\\u05d5\\u05ea \\u05d1\\u05e8\\u05d8\\u05d1\\u05d9\\u05dd \\u05e2\\u05e9\\u05d9\\u05e8\\u05d9\\u05dd, \\u05e1\\u05dc\\u05d8\\u05d9\\u05dd \\u05de\\u05d9\\u05e8\\u05e7\\u05d5\\u05ea \\u05d8\\u05e8\\u05d9\\u05d9\\u05dd \\u05d4\\u05e0\\u05d7\\u05ea\\u05db\\u05d9\\u05dd \\u05d1\\u05de\\u05e7\\u05d5\\u05dd, \\u05d1\\u05d5\\u05e8\\u05e7\\u05e1\\u05d9\\u05dd \\u05d1\\u05d8\\u05e2\\u05de\\u05d9\\u05dd \\u05d5\\u05db\\u05df \\u05d2\\u05dd \\u05d8\\u05d5\\u05e1\\u05d8\\u05d9\\u05dd. \\u05e0\\u05d9\\u05ea\\u05df \\u05dc\\u05d4\\u05d6\\u05de\\u05d9\\u05df \\u05d0\\u05ea \\u05d4\\u05e4\\u05d9\\u05e6\\u05d5\\u05ea \\u05d4\\u05d8\\u05e2\\u05d9\\u05de\\u05d5\\u05ea \\u05e9\\u05dc \\u05de\\u05e9\\u05d5\\u05dc\\u05e9\\u05d9\\u05dd \\u05d2\\u05dd \\u05dc\\u05dc\\u05d0 \\u05d2\\u05dc\\u05d5\\u05d8\\u05df.","address_en":"\\nSderot Yigal Allon 6, Beit Shemesh","address_he":"\\u05e9\\u05d3'' \\u05d9\\u05d2\\u05d0\\u05dc \\u05d0\\u05dc\\u05d5\\u05df 6, \\u05e7\\u05e0\\u05d9\\u05d5\\u05df \\u05e9\\u05e2\\u05e8 \\u05d4\\u05e2\\u05d9\\u05e8, \\u05d1\\u05d9\\u05ea \\u05e9\\u05de\\u05e9","hechsher_en":"Mehadrin Rav Landau","hechsher_he":"\\u05db\\u05e9\\u05e8 \\u05dc\\u05de\\u05d4\\u05d3\\u05e8\\u05d9\\u05df \\u05d4\\u05e8\\u05d1 \\u05dc\\u05e0\\u05d3\\u05d0 ","gallery":[{"url":"\\/m\\/en\\/img\\/mesh_gallery\\/mesh_1.png"},{"url":"\\/m\\/en\\/img\\/mesh_gallery\\/mesh_2.png"}],"rest_lat":"31.7559585","rest_lng":"34.987620900000024","timings":[{"id":"1","company_id":"2","week_en":"Monday","week_he":"\\u05d9\\u05d5\\u05dd \\u05d1","opening_time":"08:00","closing_time":"02:00","opening_time_he":"08:00","closing_time_he":"02:00","delivery_timing":"03:00"},{"id":"2","company_id":"2","week_en":"Tuesday","week_he":"\\u05d9\\u05d5\\u05dd \\u05d2","opening_time":"00:00","closing_time":"23:30","opening_time_he":"00:00","closing_time_he":"23:30","delivery_timing":"00:30"},{"id":"3","company_id":"2","week_en":"Wednesday","week_he":"\\u05d9\\u05d5\\u05dd \\u05d3","opening_time":"10:00","closing_time":"23:59","opening_time_he":"10:00","closing_time_he":"23:59","delivery_timing":"20:20"},{"id":"4","company_id":"2","week_en":"Thursday","week_he":"\\u05d9\\u05d5\\u05dd \\u05d4","opening_time":"00:00","closing_time":"23:59","opening_time_he":"00:00","closing_time_he":"23:59","delivery_timing":"14:50"},{"id":"5","company_id":"2","week_en":"Friday","week_he":"\\u05e9\\u05e9\\u05d9","opening_time":"00:00","closing_time":"24:00","opening_time_he":"00:00","closing_time_he":"24:00","delivery_timing":"01:00"},{"id":"6","company_id":"2","week_en":"Saturday","week_he":"\\u05e9\\u05d1\\u05ea","opening_time":"00:02","closing_time":"16:55","opening_time_he":"00:02","closing_time_he":"16:55","delivery_timing":"17:55"},{"id":"7","company_id":"2","week_en":"Sunday","week_he":"\\u05d9\\u05d5\\u05dd \\u05d0","opening_time":"00:00","closing_time":"24:00","opening_time_he":"00:00","closing_time_he":"24:00","delivery_timing":"01:00"}],"today_timings":"00:00 - 23:59","percentage_discount":"0"},"order_detail":[{"itemId":"28","itemPrice":"65","itemName":"Xl Pie","itemNameHe":"\\u05de\\u05d2\\u05e9 xl","qty":"1","multiItemsOneType":[{"Onions":{"subItemId":"265","subItemPrice":"5","subItemName":"Onions","subItemNameHe":"\\u05d1\\u05e6\\u05dc","qty":"1"}},{"Mushrooms":{"subItemId":"266","subItemPrice":"5","subItemName":"Mushrooms","subItemNameHe":"\\u05e4\\u05d8\\u05e8\\u05d9\\u05d5\\u05ea","qty":"1"}},{"Olives":""},{"Tomatoes":""},{"Corn":""},{"Vegan Cheese":""},{"Egg":""}],"specialRequest":""},{"itemId":"29","itemPrice":"75","itemName":"Xl + Toppings","itemNameHe":"XL + \\u05ea\\u05d5\\u05e1\\u05e4\\u05d5\\u05ea","qty":"1","multiItemsOneType":[{"Onions":""},{"Mushrooms":""},{"Olives":{"subItemId":"274","subItemPrice":"0","subItemName":"Olives","subItemNameHe":"\\u05d6\\u05d9\\u05ea\\u05d9\\u05dd","qty":"1"}},{"Tomatoes":{"subItemId":"275","subItemPrice":"0","subItemName":"Tomatoes","subItemNameHe":"\\u05e2\\u05d2\\u05d1\\u05e0\\u05d9\\u05d5\\u05ea","qty":"1"}},{"Corn":""},{"Vegan Cheese":""},{"Egg":""}],"specialRequest":""},{"itemId":"51","itemPrice":"10","itemName":"Coca Cola","itemNameHe":"\\u05e7\\u05d5\\u05e7\\u05d4 \\u05e7\\u05d5\\u05dc\\u05d4","qty":"1","specialRequest":""}],"foodCartData":[{"name":"Xl Pie","name_he":"\\u05de\\u05d2\\u05e9 xl","price":"75","price_without_subItems":"65","detail":"Onions (+5), Mushrooms (+5)","detail_he":"\\u05d1\\u05e6\\u05dc (+5), \\u05e4\\u05d8\\u05e8\\u05d9\\u05d5\\u05ea (+5)","orderIndex":"0","qty":"1","specialRequest":"","subItemOneIndex":"","subItemMultipleIndex":""},{"name":"Xl + Toppings","name_he":"XL + \\u05ea\\u05d5\\u05e1\\u05e4\\u05d5\\u05ea","price":"75","price_without_subItems":"75","detail":"Olives, Tomatoes","detail_he":"\\u05d6\\u05d9\\u05ea\\u05d9\\u05dd, \\u05e2\\u05d2\\u05d1\\u05e0\\u05d9\\u05d5\\u05ea","orderIndex":"1","qty":"1","specialRequest":"","subItemOneIndex":"","subItemMultipleIndex":""},{"name":"Coca Cola","name_he":"\\u05e7\\u05d5\\u05e7\\u05d4 \\u05e7\\u05d5\\u05dc\\u05d4","price":"10","price_without_subItems":"10","detail":"","detail_he":"","orderIndex":"2","qty":"1","specialRequest":"","subItemOneIndex":"","subItemMultipleIndex":""}]}],"actual_total":"160","total_paid":"160","company_contribution":"0","payment_option":"CASH","discount":"0","selectedCardId":"","transactionId":""}', 'pending'),
(351, 3, 2, 70, 70, 0, 0, '2017-07-20 11:15:13', '', '', 2, 'CASH', '{"language":"en","company":{"company_id":"2","company_name":"test company","company_address":"Islamic Art Museum\\/HaNassi, Jerusalem, Israel","company_discount":"30","discount_type":"monthly","delivery_time":"00:59 - 01:59"},"user":{"user_id":"3","name":"TEST","email":"test@orderapp.com","contact":"00000000","userDiscountFromCompany":"0"},"rests_orders":[{"selectedRestaurant":{"id":"2","city_en":"Beit Shemesh","city_he":"\\u05d1\\u05d9\\u05ea \\u05e9\\u05de\\u05e9","name_en":"Meshulashim","name_he":"\\u05e4\\u05d9\\u05e6\\u05d4 \\u05de\\u05e9\\u05d5\\u05dc\\u05e9\\u05d9\\u05dd","contact":"97225609532","min_amount":"0","tags":[{"id":"8","name_en":"Pizza","name_he":"\\u05e4\\u05d9\\u05e6\\u05d4","count":"0"},{"id":"11","name_en":"Salad","name_he":"\\u05e1\\u05dc\\u05d8","count":"0"},{"id":"12","name_en":"Toast","name_he":"\\u05d8\\u05d5\\u05e1\\u05d8","count":"0"}],"kashrut":[{"id":"2","name_en":"kashrut 1","name_he":"","count":"0"}],"logo":"\\/m\\/en\\/img\\/meshulashim_logo.png","description_en":"The best pizza in Bet Shemesh. We only use fresh products in our classic dishes. It''s the type of place Bet Shemesh has been yearning for. Try one of the creative ones such as our spicy pizza or go classic with our margarita pizza. Either way, you gotta get a pizza here!","description_he":"\\u05d4\\u05e4\\u05d9\\u05e6\\u05e8\\u05d9\\u05d4 \\u05db\\u05e9\\u05e8\\u05d4 \\u05d5\\u05de\\u05d2\\u05d9\\u05e9\\u05d4 \\u05de\\u05d1\\u05d7\\u05e8 \\u05e9\\u05dc \\u05de\\u05e0\\u05d5\\u05ea \\u05db\\u05d2\\u05d5\\u05df \\u05e4\\u05d9\\u05e6\\u05d5\\u05ea, \\u05e4\\u05e1\\u05d8\\u05d5\\u05ea \\u05d1\\u05e8\\u05d8\\u05d1\\u05d9\\u05dd \\u05e2\\u05e9\\u05d9\\u05e8\\u05d9\\u05dd, \\u05e1\\u05dc\\u05d8\\u05d9\\u05dd \\u05de\\u05d9\\u05e8\\u05e7\\u05d5\\u05ea \\u05d8\\u05e8\\u05d9\\u05d9\\u05dd \\u05d4\\u05e0\\u05d7\\u05ea\\u05db\\u05d9\\u05dd \\u05d1\\u05de\\u05e7\\u05d5\\u05dd, \\u05d1\\u05d5\\u05e8\\u05e7\\u05e1\\u05d9\\u05dd \\u05d1\\u05d8\\u05e2\\u05de\\u05d9\\u05dd \\u05d5\\u05db\\u05df \\u05d2\\u05dd \\u05d8\\u05d5\\u05e1\\u05d8\\u05d9\\u05dd. \\u05e0\\u05d9\\u05ea\\u05df \\u05dc\\u05d4\\u05d6\\u05de\\u05d9\\u05df \\u05d0\\u05ea \\u05d4\\u05e4\\u05d9\\u05e6\\u05d5\\u05ea \\u05d4\\u05d8\\u05e2\\u05d9\\u05de\\u05d5\\u05ea \\u05e9\\u05dc \\u05de\\u05e9\\u05d5\\u05dc\\u05e9\\u05d9\\u05dd \\u05d2\\u05dd \\u05dc\\u05dc\\u05d0 \\u05d2\\u05dc\\u05d5\\u05d8\\u05df.","address_en":"\\nSderot Yigal Allon 6, Beit Shemesh","address_he":"\\u05e9\\u05d3'' \\u05d9\\u05d2\\u05d0\\u05dc \\u05d0\\u05dc\\u05d5\\u05df 6, \\u05e7\\u05e0\\u05d9\\u05d5\\u05df \\u05e9\\u05e2\\u05e8 \\u05d4\\u05e2\\u05d9\\u05e8, \\u05d1\\u05d9\\u05ea \\u05e9\\u05de\\u05e9","hechsher_en":"Mehadrin Rav Landau","hechsher_he":"\\u05db\\u05e9\\u05e8 \\u05dc\\u05de\\u05d4\\u05d3\\u05e8\\u05d9\\u05df \\u05d4\\u05e8\\u05d1 \\u05dc\\u05e0\\u05d3\\u05d0 ","gallery":[{"url":"\\/m\\/en\\/img\\/mesh_gallery\\/mesh_1.png"},{"url":"\\/m\\/en\\/img\\/mesh_gallery\\/mesh_2.png"}],"rest_lat":"31.7559585","rest_lng":"34.987620900000024","timings":[{"id":"1","company_id":"2","week_en":"Monday","week_he":"\\u05d9\\u05d5\\u05dd \\u05d1","opening_time":"08:00","closing_time":"02:00","opening_time_he":"08:00","closing_time_he":"02:00","delivery_timing":"03:00"},{"id":"2","company_id":"2","week_en":"Tuesday","week_he":"\\u05d9\\u05d5\\u05dd \\u05d2","opening_time":"00:00","closing_time":"23:30","opening_time_he":"00:00","closing_time_he":"23:30","delivery_timing":"00:30"},{"id":"3","company_id":"2","week_en":"Wednesday","week_he":"\\u05d9\\u05d5\\u05dd \\u05d3","opening_time":"10:00","closing_time":"23:59","opening_time_he":"10:00","closing_time_he":"23:59","delivery_timing":"20:20"},{"id":"4","company_id":"2","week_en":"Thursday","week_he":"\\u05d9\\u05d5\\u05dd \\u05d4","opening_time":"00:00","closing_time":"23:59","opening_time_he":"00:00","closing_time_he":"23:59","delivery_timing":"14:50"},{"id":"5","company_id":"2","week_en":"Friday","week_he":"\\u05e9\\u05e9\\u05d9","opening_time":"00:00","closing_time":"24:00","opening_time_he":"00:00","closing_time_he":"24:00","delivery_timing":"01:00"},{"id":"6","company_id":"2","week_en":"Saturday","week_he":"\\u05e9\\u05d1\\u05ea","opening_time":"00:02","closing_time":"16:55","opening_time_he":"00:02","closing_time_he":"16:55","delivery_timing":"17:55"},{"id":"7","company_id":"2","week_en":"Sunday","week_he":"\\u05d9\\u05d5\\u05dd \\u05d0","opening_time":"00:00","closing_time":"24:00","opening_time_he":"00:00","closing_time_he":"24:00","delivery_timing":"01:00"}],"today_timings":"00:00 - 23:59","percentage_discount":"0"},"order_detail":[{"itemId":"28","itemPrice":"65","itemName":"Xl Pie","itemNameHe":"\\u05de\\u05d2\\u05e9 xl","qty":"1","multiItemsOneType":[{"Onions":""},{"Mushrooms":""},{"Olives":""},{"Tomatoes":""},{"Corn":{"subItemId":"269","subItemPrice":"5","subItemName":"Corn","subItemNameHe":"\\u05ea\\u05d9\\u05e8\\u05e1","qty":"1"}},{"Vegan Cheese":""},{"Egg":""}],"specialRequest":""}],"foodCartData":[{"name":"Xl Pie","name_he":"\\u05de\\u05d2\\u05e9 xl","price":"70","price_without_subItems":"65","detail":"Corn (+5)","detail_he":"\\u05ea\\u05d9\\u05e8\\u05e1 (+5)","orderIndex":"0","qty":"1","specialRequest":"","subItemOneIndex":"","subItemMultipleIndex":""}]}],"actual_total":"70","total_paid":"70","company_contribution":"0","payment_option":"CASH","discount":"0","selectedCardId":"9","transactionId":""}', 'pending'),
(352, 3, 2, 16, 16, 0, 8, '2017-07-20 11:15:53', '', '', 7, 'CASH', '{"language":"en","company":{"company_id":"2","company_name":"test company","company_address":"Islamic Art Museum\\/HaNassi, Jerusalem, Israel","company_discount":"30","discount_type":"monthly","delivery_time":"00:59 - 01:59"},"user":{"user_id":"3","name":"TEST","email":"test@orderapp.com","contact":"00000000","userDiscountFromCompany":"0"},"rests_orders":[{"selectedRestaurant":{"id":"7","city_en":"Beit Shemesh","city_he":"\\u05d1\\u05d9\\u05ea \\u05e9\\u05de\\u05e9","name_en":"Greg Cafe","name_he":"\\u05e7\\u05e4\\u05d4 \\u05d2\\u05e8\\u05d2","contact":"97225609534","min_amount":"0","tags":[{"id":"17","name_en":"Dairy","name_he":"\\u05d7\\u05dc\\u05d1\\u05d9","count":"0"},{"id":"18","name_en":"Vegan","name_he":"\\u05d8\\u05d1\\u05e2\\u05d5\\u05e0\\u05d9","count":"0"}],"kashrut":[{"id":"1","name_en":"Mehadrin","name_he":"","count":"0"}],"logo":"\\/m\\/en\\/img\\/greg_logo.jpg","description_en":"Greg Cafe, located in Big Fashion mall, has made a name for itself as THE place for high quality dairy food and excellent coffee.  With a very extensive food and drinks menu, Greg caters for all tastes. The cafe prides itself in offering a large vegan menu, full of healthy, tasty options.  There are also different fish and pasta dishes, along with breakfasts, sandwiches and the most decadent salads you''ll ever have. Their takeaway service is as top notch as their eat in experience; you won''t be disappointed. ","description_he":"\\u05e7\\u05e4\\u05d4 \\u05d2\\u05e8\\u05d2 \\u05d9\\u05e6\\u05e8 \\u05dc\\u05e2\\u05e6\\u05de\\u05d5 \\u05de\\u05d5\\u05e0\\u05d9\\u05d8\\u05d9\\u05df \\u05d1\\u05ea\\u05d5\\u05e8 \\u05d1\\u05d9\\u05ea \\u05e7\\u05e4\\u05d4 \\u05d4\\u05de\\u05d2\\u05d9\\u05e9 \\u05d0\\u05d5\\u05db\\u05dc \\u05d7\\u05dc\\u05d1\\u05d9 \\u05d0\\u05d9\\u05db\\u05d5\\u05ea\\u05d9 \\u05d5\\u05e7\\u05e4\\u05d4 \\u05de\\u05e6\\u05d5\\u05d9\\u05d9\\u05df. \\u05dc\\u05e7\\u05e4\\u05d4 \\u05d2\\u05e8\\u05d2 \\u05ea\\u05e4\\u05e8\\u05d9\\u05d8 \\u05e2\\u05e9\\u05d9\\u05e8 \\u05de\\u05d0\\u05d5\\u05d3 \\u05e9\\u05d1\\u05de\\u05e8\\u05db\\u05d6\\u05d5 \\u05d0\\u05e8\\u05d5\\u05d7\\u05ea \\u05d1\\u05d5\\u05e7\\u05e8 \\u05d8\\u05e2\\u05d9\\u05de\\u05d4, \\u05e2\\u05e9\\u05d9\\u05e8\\u05d4 \\u05d5\\u05de\\u05e4\\u05e0\\u05e7\\u05ea. \\u05d4\\u05e8\\u05e9\\u05ea \\u05dc\\u05d0 \\u05e7\\u05d5\\u05e4\\u05d0\\u05ea \\u05e2\\u05dc \\u05e9\\u05de\\u05e8\\u05d9\\u05d4 \\u05dc\\u05e8\\u05d2\\u05e2, \\u05d5\\u05de\\u05e7\\u05e4\\u05d9\\u05d3\\u05d4 \\u05dc\\u05d7\\u05d3\\u05e9, \\u05dc\\u05d4\\u05ea\\u05d7\\u05d3\\u05e9 \\u05d5\\u05dc\\u05e8\\u05d2\\u05e9 \\u05d0\\u05ea \\u05e7\\u05d4\\u05dc \\u05dc\\u05e7\\u05d5\\u05d7\\u05d5\\u05ea\\u05d9\\u05d4 \\u05e2\\"\\u05d9 \\u05d4\\u05e9\\u05e7\\u05ea \\u05ea\\u05e4\\u05e8\\u05d9\\u05d8 \\u05d7\\u05d3\\u05e9, \\u05de\\u05d2\\u05d5\\u05d5\\u05df \\u05d5\\u05d0\\u05e7\\u05dc\\u05e7\\u05d8\\u05d9 \\u05de\\u05d3\\u05d9 \\u05e9\\u05e0\\u05d4, \\u05d4\\u05de\\u05e9\\u05dc\\u05d1 \\u05d0\\u05e8\\u05d5\\u05d7\\u05d5\\u05ea \\u05de\\u05db\\u05dc \\u05d4\\u05e2\\u05d5\\u05dc\\u05dd \\u05d5\\u05de\\u05de\\u05d8\\u05d1\\u05d7\\u05d9\\u05dd \\u05de\\u05d2\\u05d5\\u05d5\\u05e0\\u05d9\\u05dd \\u05d1\\u05d9\\u05e0\\u05d9\\u05d4\\u05dd \\u05de\\u05d8\\u05d1\\u05d7 \\u05d0\\u05d9\\u05d8\\u05dc\\u05e7\\u05d9, \\u05d0\\u05e1\\u05d9\\u05d9\\u05ea\\u05d9, \\u05d0\\u05de\\u05e8\\u05d9\\u05e7\\u05d0\\u05d9, \\u05d1\\u05dc\\u05e7\\u05e0\\u05d9, \\u05e9\\u05d5\\u05d5\\u05d9\\u05e6\\u05e8\\u05d9, \\u05de\\u05e7\\u05e1\\u05d9\\u05e7\\u05e0\\u05d9, \\u05e1\\u05e4\\u05e8\\u05d3\\u05d9 \\u05d5\\u05db\\u05de\\u05d5\\u05d1\\u05df - \\u05d9\\u05e9\\u05e8\\u05d0\\u05dc\\u05d9. \\u05db\\u05de\\u05d5 \\u05db\\u05df, \\u05d1\\u05d9\\u05ea \\u05d4\\u05e7\\u05e4\\u05d4 \\u05de\\u05e6\\u05d9\\u05e2 \\u05de\\u05e0\\u05d5\\u05ea \\u05d8\\u05d1\\u05e2\\u05d5\\u05e0\\u05d9\\u05d5\\u05ea \\u05d1\\u05e8\\u05d9\\u05d0\\u05d5\\u05ea \\u05d5\\u05d8\\u05e2\\u05d9\\u05de\\u05d5\\u05ea. ","address_en":"Big Fashion Mall, Yigal Alon 1, Beit Shemesh","address_he":"\\u05e7\\u05e0\\u05d9\\u05d5\\u05df \\u05d1\\u05d9\\u05d2 \\u05e4\\u05d0\\u05e9\\u05df, \\u05d9\\u05d2\\u05d0\\u05dc \\u05d0\\u05dc\\u05d5\\u05df 1, \\u05d1\\u05d9\\u05ea \\u05e9\\u05de\\u05e9","hechsher_en":"Badatz Beit Yosef","hechsher_he":"\\u05d1\\u05d3\\"\\u05e5 \\u05d1\\u05d9\\u05ea \\u05d9\\u05d5\\u05e1\\u05e3  \\u00a0 \\u00a0 \\u00a0 \\u00a0 ","gallery":[{"url":"\\/m\\/en\\/img\\/greg_gallery\\/Antipasto Shakshuka.png"},{"url":"\\/m\\/en\\/img\\/greg_gallery\\/Baked Salmon Fillet with vegitables.png"},{"url":"\\/m\\/en\\/img\\/greg_gallery\\/Bass Fillet.png"},{"url":"\\/m\\/en\\/img\\/greg_gallery\\/Breakfast for two.png"},{"url":"\\/m\\/en\\/img\\/greg_gallery\\/Breakfast.png"},{"url":"\\/m\\/en\\/img\\/greg_gallery\\/Breakfastt.png"},{"url":"\\/m\\/en\\/img\\/greg_gallery\\/Cheese Filo Burreka.png"},{"url":"\\/m\\/en\\/img\\/greg_gallery\\/Cheese Tortilla.png"},{"url":"\\/m\\/en\\/img\\/greg_gallery\\/Double Veggie Burger.png"},{"url":"\\/m\\/en\\/img\\/greg_gallery\\/Vegitables in Curry.png"},{"url":"\\/m\\/en\\/img\\/greg_gallery\\/Scandinavian Morning.png"}],"rest_lat":"31.766797","rest_lng":"34.988855","timings":[{"id":"1","company_id":"2","week_en":"Monday","week_he":"\\u05d9\\u05d5\\u05dd \\u05d1","opening_time":"08:00","closing_time":"02:00","opening_time_he":"08:00","closing_time_he":"02:00","delivery_timing":"03:00"},{"id":"2","company_id":"2","week_en":"Tuesday","week_he":"\\u05d9\\u05d5\\u05dd \\u05d2","opening_time":"00:00","closing_time":"23:30","opening_time_he":"00:00","closing_time_he":"23:30","delivery_timing":"00:30"},{"id":"3","company_id":"2","week_en":"Wednesday","week_he":"\\u05d9\\u05d5\\u05dd \\u05d3","opening_time":"10:00","closing_time":"23:59","opening_time_he":"10:00","closing_time_he":"23:59","delivery_timing":"20:20"},{"id":"4","company_id":"2","week_en":"Thursday","week_he":"\\u05d9\\u05d5\\u05dd \\u05d4","opening_time":"00:00","closing_time":"23:59","opening_time_he":"00:00","closing_time_he":"23:59","delivery_timing":"14:50"},{"id":"5","company_id":"2","week_en":"Friday","week_he":"\\u05e9\\u05e9\\u05d9","opening_time":"00:00","closing_time":"24:00","opening_time_he":"00:00","closing_time_he":"24:00","delivery_timing":"01:00"},{"id":"6","company_id":"2","week_en":"Saturday","week_he":"\\u05e9\\u05d1\\u05ea","opening_time":"00:02","closing_time":"16:55","opening_time_he":"00:02","closing_time_he":"16:55","delivery_timing":"17:55"},{"id":"7","company_id":"2","week_en":"Sunday","week_he":"\\u05d9\\u05d5\\u05dd \\u05d0","opening_time":"00:00","closing_time":"24:00","opening_time_he":"00:00","closing_time_he":"24:00","delivery_timing":"01:00"}],"today_timings":"00:00 - 23:59","percentage_discount":"8"},"order_detail":[{"itemId":"383","itemPrice":"15.64","itemName":"Assorted Pastries","itemNameHe":"\\u05de\\u05d1\\u05d7\\u05e8 \\u05de\\u05d0\\u05e4\\u05d9\\u05dd","qty":"1","subItemsOneType":[{"Pastries":{"subItemId":"79296","replace_price":"0","subItemPrice":"0","subItemName":"Sweet Cheese Pastry ","subItemNameHe":"\\u05de\\u05d0\\u05e4\\u05d4 \\u05d2\\u05d1\\u05d9\\u05e0\\u05d4 \\u05de\\u05ea\\u05d5\\u05e7\\u05d4","qty":"1"}}],"specialRequest":""}],"foodCartData":[{"name":"Assorted Pastries","name_he":"\\u05de\\u05d1\\u05d7\\u05e8 \\u05de\\u05d0\\u05e4\\u05d9\\u05dd","price":"15.64","price_without_subItems":"15.64","detail":"Sweet Cheese Pastry ","detail_he":"\\u05de\\u05d0\\u05e4\\u05d4 \\u05d2\\u05d1\\u05d9\\u05e0\\u05d4 \\u05de\\u05ea\\u05d5\\u05e7\\u05d4","orderIndex":"0","qty":"1","specialRequest":"","subItemOneIndex":"","subItemMultipleIndex":""}]}],"actual_total":"15.64","total_paid":"15.64","company_contribution":"0","payment_option":"CASH","discount":"8","selectedCardId":"9","transactionId":""}', 'pending');
INSERT INTO `b2b_orders` (`id`, `user_id`, `company_id`, `total`, `actual_total`, `company_contribution`, `discount`, `date`, `platform_info`, `transaction_id`, `restaurant_id`, `payment_info`, `rest_order_object`, `order_status`) VALUES
(353, 3, 2, 84, 84, 0, 8, '2017-07-20 11:18:36', '', '', 7, 'CASH', '{"language":"en","company":{"company_id":"2","company_name":"test company","company_address":"Islamic Art Museum\\/HaNassi, Jerusalem, Israel","company_discount":"30","discount_type":"monthly","delivery_time":"00:59 - 01:59"},"user":{"user_id":"3","name":"TEST","email":"test@orderapp.com","contact":"00000000","userDiscountFromCompany":"0"},"rests_orders":[{"selectedRestaurant":{"id":"7","city_en":"Beit Shemesh","city_he":"\\u05d1\\u05d9\\u05ea \\u05e9\\u05de\\u05e9","name_en":"Greg Cafe","name_he":"\\u05e7\\u05e4\\u05d4 \\u05d2\\u05e8\\u05d2","contact":"97225609534","min_amount":"0","tags":[{"id":"17","name_en":"Dairy","name_he":"\\u05d7\\u05dc\\u05d1\\u05d9","count":"0"},{"id":"18","name_en":"Vegan","name_he":"\\u05d8\\u05d1\\u05e2\\u05d5\\u05e0\\u05d9","count":"0"}],"kashrut":[{"id":"1","name_en":"Mehadrin","name_he":"","count":"0"}],"logo":"\\/m\\/en\\/img\\/greg_logo.jpg","description_en":"Greg Cafe, located in Big Fashion mall, has made a name for itself as THE place for high quality dairy food and excellent coffee.  With a very extensive food and drinks menu, Greg caters for all tastes. The cafe prides itself in offering a large vegan menu, full of healthy, tasty options.  There are also different fish and pasta dishes, along with breakfasts, sandwiches and the most decadent salads you''ll ever have. Their takeaway service is as top notch as their eat in experience; you won''t be disappointed. ","description_he":"\\u05e7\\u05e4\\u05d4 \\u05d2\\u05e8\\u05d2 \\u05d9\\u05e6\\u05e8 \\u05dc\\u05e2\\u05e6\\u05de\\u05d5 \\u05de\\u05d5\\u05e0\\u05d9\\u05d8\\u05d9\\u05df \\u05d1\\u05ea\\u05d5\\u05e8 \\u05d1\\u05d9\\u05ea \\u05e7\\u05e4\\u05d4 \\u05d4\\u05de\\u05d2\\u05d9\\u05e9 \\u05d0\\u05d5\\u05db\\u05dc \\u05d7\\u05dc\\u05d1\\u05d9 \\u05d0\\u05d9\\u05db\\u05d5\\u05ea\\u05d9 \\u05d5\\u05e7\\u05e4\\u05d4 \\u05de\\u05e6\\u05d5\\u05d9\\u05d9\\u05df. \\u05dc\\u05e7\\u05e4\\u05d4 \\u05d2\\u05e8\\u05d2 \\u05ea\\u05e4\\u05e8\\u05d9\\u05d8 \\u05e2\\u05e9\\u05d9\\u05e8 \\u05de\\u05d0\\u05d5\\u05d3 \\u05e9\\u05d1\\u05de\\u05e8\\u05db\\u05d6\\u05d5 \\u05d0\\u05e8\\u05d5\\u05d7\\u05ea \\u05d1\\u05d5\\u05e7\\u05e8 \\u05d8\\u05e2\\u05d9\\u05de\\u05d4, \\u05e2\\u05e9\\u05d9\\u05e8\\u05d4 \\u05d5\\u05de\\u05e4\\u05e0\\u05e7\\u05ea. \\u05d4\\u05e8\\u05e9\\u05ea \\u05dc\\u05d0 \\u05e7\\u05d5\\u05e4\\u05d0\\u05ea \\u05e2\\u05dc \\u05e9\\u05de\\u05e8\\u05d9\\u05d4 \\u05dc\\u05e8\\u05d2\\u05e2, \\u05d5\\u05de\\u05e7\\u05e4\\u05d9\\u05d3\\u05d4 \\u05dc\\u05d7\\u05d3\\u05e9, \\u05dc\\u05d4\\u05ea\\u05d7\\u05d3\\u05e9 \\u05d5\\u05dc\\u05e8\\u05d2\\u05e9 \\u05d0\\u05ea \\u05e7\\u05d4\\u05dc \\u05dc\\u05e7\\u05d5\\u05d7\\u05d5\\u05ea\\u05d9\\u05d4 \\u05e2\\"\\u05d9 \\u05d4\\u05e9\\u05e7\\u05ea \\u05ea\\u05e4\\u05e8\\u05d9\\u05d8 \\u05d7\\u05d3\\u05e9, \\u05de\\u05d2\\u05d5\\u05d5\\u05df \\u05d5\\u05d0\\u05e7\\u05dc\\u05e7\\u05d8\\u05d9 \\u05de\\u05d3\\u05d9 \\u05e9\\u05e0\\u05d4, \\u05d4\\u05de\\u05e9\\u05dc\\u05d1 \\u05d0\\u05e8\\u05d5\\u05d7\\u05d5\\u05ea \\u05de\\u05db\\u05dc \\u05d4\\u05e2\\u05d5\\u05dc\\u05dd \\u05d5\\u05de\\u05de\\u05d8\\u05d1\\u05d7\\u05d9\\u05dd \\u05de\\u05d2\\u05d5\\u05d5\\u05e0\\u05d9\\u05dd \\u05d1\\u05d9\\u05e0\\u05d9\\u05d4\\u05dd \\u05de\\u05d8\\u05d1\\u05d7 \\u05d0\\u05d9\\u05d8\\u05dc\\u05e7\\u05d9, \\u05d0\\u05e1\\u05d9\\u05d9\\u05ea\\u05d9, \\u05d0\\u05de\\u05e8\\u05d9\\u05e7\\u05d0\\u05d9, \\u05d1\\u05dc\\u05e7\\u05e0\\u05d9, \\u05e9\\u05d5\\u05d5\\u05d9\\u05e6\\u05e8\\u05d9, \\u05de\\u05e7\\u05e1\\u05d9\\u05e7\\u05e0\\u05d9, \\u05e1\\u05e4\\u05e8\\u05d3\\u05d9 \\u05d5\\u05db\\u05de\\u05d5\\u05d1\\u05df - \\u05d9\\u05e9\\u05e8\\u05d0\\u05dc\\u05d9. \\u05db\\u05de\\u05d5 \\u05db\\u05df, \\u05d1\\u05d9\\u05ea \\u05d4\\u05e7\\u05e4\\u05d4 \\u05de\\u05e6\\u05d9\\u05e2 \\u05de\\u05e0\\u05d5\\u05ea \\u05d8\\u05d1\\u05e2\\u05d5\\u05e0\\u05d9\\u05d5\\u05ea \\u05d1\\u05e8\\u05d9\\u05d0\\u05d5\\u05ea \\u05d5\\u05d8\\u05e2\\u05d9\\u05de\\u05d5\\u05ea. ","address_en":"Big Fashion Mall, Yigal Alon 1, Beit Shemesh","address_he":"\\u05e7\\u05e0\\u05d9\\u05d5\\u05df \\u05d1\\u05d9\\u05d2 \\u05e4\\u05d0\\u05e9\\u05df, \\u05d9\\u05d2\\u05d0\\u05dc \\u05d0\\u05dc\\u05d5\\u05df 1, \\u05d1\\u05d9\\u05ea \\u05e9\\u05de\\u05e9","hechsher_en":"Badatz Beit Yosef","hechsher_he":"\\u05d1\\u05d3\\"\\u05e5 \\u05d1\\u05d9\\u05ea \\u05d9\\u05d5\\u05e1\\u05e3  \\u00a0 \\u00a0 \\u00a0 \\u00a0 ","gallery":[{"url":"\\/m\\/en\\/img\\/greg_gallery\\/Antipasto Shakshuka.png"},{"url":"\\/m\\/en\\/img\\/greg_gallery\\/Baked Salmon Fillet with vegitables.png"},{"url":"\\/m\\/en\\/img\\/greg_gallery\\/Bass Fillet.png"},{"url":"\\/m\\/en\\/img\\/greg_gallery\\/Breakfast for two.png"},{"url":"\\/m\\/en\\/img\\/greg_gallery\\/Breakfast.png"},{"url":"\\/m\\/en\\/img\\/greg_gallery\\/Breakfastt.png"},{"url":"\\/m\\/en\\/img\\/greg_gallery\\/Cheese Filo Burreka.png"},{"url":"\\/m\\/en\\/img\\/greg_gallery\\/Cheese Tortilla.png"},{"url":"\\/m\\/en\\/img\\/greg_gallery\\/Double Veggie Burger.png"},{"url":"\\/m\\/en\\/img\\/greg_gallery\\/Vegitables in Curry.png"},{"url":"\\/m\\/en\\/img\\/greg_gallery\\/Scandinavian Morning.png"}],"rest_lat":"31.766797","rest_lng":"34.988855","timings":[{"id":"1","company_id":"2","week_en":"Monday","week_he":"\\u05d9\\u05d5\\u05dd \\u05d1","opening_time":"08:00","closing_time":"02:00","opening_time_he":"08:00","closing_time_he":"02:00","delivery_timing":"03:00"},{"id":"2","company_id":"2","week_en":"Tuesday","week_he":"\\u05d9\\u05d5\\u05dd \\u05d2","opening_time":"00:00","closing_time":"23:30","opening_time_he":"00:00","closing_time_he":"23:30","delivery_timing":"00:30"},{"id":"3","company_id":"2","week_en":"Wednesday","week_he":"\\u05d9\\u05d5\\u05dd \\u05d3","opening_time":"10:00","closing_time":"23:59","opening_time_he":"10:00","closing_time_he":"23:59","delivery_timing":"20:20"},{"id":"4","company_id":"2","week_en":"Thursday","week_he":"\\u05d9\\u05d5\\u05dd \\u05d4","opening_time":"00:00","closing_time":"23:59","opening_time_he":"00:00","closing_time_he":"23:59","delivery_timing":"14:50"},{"id":"5","company_id":"2","week_en":"Friday","week_he":"\\u05e9\\u05e9\\u05d9","opening_time":"00:00","closing_time":"24:00","opening_time_he":"00:00","closing_time_he":"24:00","delivery_timing":"01:00"},{"id":"6","company_id":"2","week_en":"Saturday","week_he":"\\u05e9\\u05d1\\u05ea","opening_time":"00:02","closing_time":"16:55","opening_time_he":"00:02","closing_time_he":"16:55","delivery_timing":"17:55"},{"id":"7","company_id":"2","week_en":"Sunday","week_he":"\\u05d9\\u05d5\\u05dd \\u05d0","opening_time":"00:00","closing_time":"24:00","opening_time_he":"00:00","closing_time_he":"24:00","delivery_timing":"01:00"}],"today_timings":"00:00 - 23:59","percentage_discount":"8"},"order_detail":[{"itemId":"101061","itemPrice":"47.84","itemName":"Falafel Shakshuka","itemNameHe":"\\u05e9\\u05e7\\u05e9\\u05d5\\u05e7\\u05d4 \\u05e4\\u05dc\\u05d0\\u05e4\\u05dc","qty":"1","specialRequest":""},{"itemId":"386","itemPrice":"35.88","itemName":"Mini Pancakes","itemNameHe":"\\u05de\\u05d9\\u05e0\\u05d9 \\u05e4\\u05e0\\u05e7\\u05d9\\u05d9\\u05e7\\u05d9\\u05dd","qty":"1","specialRequest":""}],"foodCartData":[{"name":"Falafel Shakshuka","name_he":"\\u05e9\\u05e7\\u05e9\\u05d5\\u05e7\\u05d4 \\u05e4\\u05dc\\u05d0\\u05e4\\u05dc","price":"47.84","price_without_subItems":"47.84","detail":"","detail_he":"","orderIndex":"0","qty":"1","specialRequest":"","subItemOneIndex":"","subItemMultipleIndex":""},{"name":"Mini Pancakes","name_he":"\\u05de\\u05d9\\u05e0\\u05d9 \\u05e4\\u05e0\\u05e7\\u05d9\\u05d9\\u05e7\\u05d9\\u05dd","price":"35.88","price_without_subItems":"35.88","detail":"","detail_he":"","orderIndex":"1","qty":"1","specialRequest":"","subItemOneIndex":"","subItemMultipleIndex":""}]}],"actual_total":"83.72","total_paid":"83.72","company_contribution":"0","payment_option":"CASH","discount":"8","selectedCardId":"9","transactionId":""}', 'pending'),
(354, 3, 2, 105, 105, 0, 0, '2017-07-20 11:19:17', '', '', 65, 'CASH', '{"language":"en","company":{"company_id":"2","company_name":"test company","company_address":"Islamic Art Museum\\/HaNassi, Jerusalem, Israel","company_discount":"30","discount_type":"monthly","delivery_time":"00:59 - 01:59"},"user":{"user_id":"3","name":"TEST","email":"test@orderapp.com","contact":"00000000","userDiscountFromCompany":"0"},"rests_orders":[{"selectedRestaurant":{"id":"65","city_en":"Raanana","city_he":"\\u05e8\\u05e2\\u05e0\\u05e0\\u05d4","name_en":"Borochov","name_he":"\\u05d1\\u05d5\\u05e8\\u05d5\\u05db\\u05d5\\u05d1 88","contact":"09-7442203","min_amount":"0","logo":"https:\\/\\/d25t2285lxl5rf.cloudfront.net\\/images\\/shops\\/2780.gif","description_en":"Coffee Shop, Salads \\/ Sandwiches, Italian","description_he":"\\u05d1\\u05d9\\u05ea \\u05e7\\u05e4\\u05d4, \\u05e1\\u05dc\\u05d8\\u05d9\\u05dd\\/\\u05e1\\u05e0\\u05d3\\u05d5\\u05d5\\u05d9\\u05e6`\\u05d9\\u05dd, \\u05d0\\u05d9\\u05d8\\u05dc\\u05e7\\u05d9","address_en":"Borochov Street 88, Raanana","address_he":"\\u05d1\\u05d5\\u05e8\\u05d5\\u05db\\u05d5\\u05d1 88, \\u05e8\\u05e2\\u05e0\\u05e0\\u05d4","hechsher_en":"Mehadrin Raanana -7 \\/ 5\\/2017","hechsher_he":"\\u05de\\u05d4\\u05d3\\u05e8\\u05d9\\u05df  \\u05e8\\u05e2\\u05e0\\u05e0\\u05d4-7\\/5\\/2017","rest_lat":"32.190774","rest_lng":" 34.878489","timings":[{"id":"1","company_id":"2","week_en":"Monday","week_he":"\\u05d9\\u05d5\\u05dd \\u05d1","opening_time":"08:00","closing_time":"02:00","opening_time_he":"08:00","closing_time_he":"02:00","delivery_timing":"03:00"},{"id":"2","company_id":"2","week_en":"Tuesday","week_he":"\\u05d9\\u05d5\\u05dd \\u05d2","opening_time":"00:00","closing_time":"23:30","opening_time_he":"00:00","closing_time_he":"23:30","delivery_timing":"00:30"},{"id":"3","company_id":"2","week_en":"Wednesday","week_he":"\\u05d9\\u05d5\\u05dd \\u05d3","opening_time":"10:00","closing_time":"23:59","opening_time_he":"10:00","closing_time_he":"23:59","delivery_timing":"20:20"},{"id":"4","company_id":"2","week_en":"Thursday","week_he":"\\u05d9\\u05d5\\u05dd \\u05d4","opening_time":"00:00","closing_time":"23:59","opening_time_he":"00:00","closing_time_he":"23:59","delivery_timing":"14:50"},{"id":"5","company_id":"2","week_en":"Friday","week_he":"\\u05e9\\u05e9\\u05d9","opening_time":"00:00","closing_time":"24:00","opening_time_he":"00:00","closing_time_he":"24:00","delivery_timing":"01:00"},{"id":"6","company_id":"2","week_en":"Saturday","week_he":"\\u05e9\\u05d1\\u05ea","opening_time":"00:02","closing_time":"16:55","opening_time_he":"00:02","closing_time_he":"16:55","delivery_timing":"17:55"},{"id":"7","company_id":"2","week_en":"Sunday","week_he":"\\u05d9\\u05d5\\u05dd \\u05d0","opening_time":"00:00","closing_time":"24:00","opening_time_he":"00:00","closing_time_he":"24:00","delivery_timing":"01:00"}],"today_timings":"00:00 - 23:59","percentage_discount":"0"},"order_detail":[{"itemId":"4923","itemPrice":"39","itemName":"Salmon bagel","itemNameHe":"\\u05d1\\u05d9\\u05d9\\u05d2\\u05dc \\u05e1\\u05dc\\u05de\\u05d5\\u05df","qty":"1","specialRequest":""},{"itemId":"4924","itemPrice":"29","itemName":"Omelet sandwich","itemNameHe":"\\u05db\\u05e8\\u05d9\\u05da \\u05d7\\u05d1\\u05d9\\u05ea\\u05d4","qty":"1","specialRequest":""},{"itemId":"4932","itemPrice":"37","itemName":"Lasagna Cheese and eggplant","itemNameHe":"\\u05dc\\u05d6\\u05e0\\u05d9\\u05d4 \\u05d2\\u05d1\\u05d9\\u05e0\\u05d5\\u05ea \\u05d5\\u05d7\\u05e6\\u05d9\\u05dc\\u05d9\\u05dd","qty":"1","specialRequest":""}],"foodCartData":[{"name":"Salmon bagel","name_he":"\\u05d1\\u05d9\\u05d9\\u05d2\\u05dc \\u05e1\\u05dc\\u05de\\u05d5\\u05df","price":"39","price_without_subItems":"39","detail":"","detail_he":"","orderIndex":"0","qty":"1","specialRequest":"","subItemOneIndex":"","subItemMultipleIndex":""},{"name":"Omelet sandwich","name_he":"\\u05db\\u05e8\\u05d9\\u05da \\u05d7\\u05d1\\u05d9\\u05ea\\u05d4","price":"29","price_without_subItems":"29","detail":"","detail_he":"","orderIndex":"1","qty":"1","specialRequest":"","subItemOneIndex":"","subItemMultipleIndex":""},{"name":"Lasagna Cheese and eggplant","name_he":"\\u05dc\\u05d6\\u05e0\\u05d9\\u05d4 \\u05d2\\u05d1\\u05d9\\u05e0\\u05d5\\u05ea \\u05d5\\u05d7\\u05e6\\u05d9\\u05dc\\u05d9\\u05dd","price":"37","price_without_subItems":"37","detail":"","detail_he":"","orderIndex":"2","qty":"1","specialRequest":"","subItemOneIndex":"","subItemMultipleIndex":""}]}],"actual_total":"105","total_paid":"105","company_contribution":"0","payment_option":"CASH","discount":"0","selectedCardId":"9","transactionId":""}', 'pending'),
(355, 3, 2, 45, 45, 0, 8, '2017-07-20 11:58:59', '', '', 7, 'CASH', '{"language":"en","company":{"company_id":"2","company_name":"test company","company_address":"Islamic Art Museum\\/HaNassi, Jerusalem, Israel","company_discount":"30","discount_type":"monthly","delivery_time":"00:59 - 01:59"},"user":{"user_id":"3","name":"TEST","email":"test@orderapp.com","contact":"00000000","userDiscountFromCompany":"0"},"rests_orders":[{"selectedRestaurant":{"id":"7","city_en":"Beit Shemesh","city_he":"\\u05d1\\u05d9\\u05ea \\u05e9\\u05de\\u05e9","name_en":"Greg Cafe","name_he":"\\u05e7\\u05e4\\u05d4 \\u05d2\\u05e8\\u05d2","contact":"97225609534","min_amount":"0","tags":[{"id":"17","name_en":"Dairy","name_he":"\\u05d7\\u05dc\\u05d1\\u05d9","count":"0"},{"id":"18","name_en":"Vegan","name_he":"\\u05d8\\u05d1\\u05e2\\u05d5\\u05e0\\u05d9","count":"0"}],"kashrut":[{"id":"1","name_en":"Mehadrin","name_he":"","count":"0"}],"logo":"\\/m\\/en\\/img\\/greg_logo.jpg","description_en":"Greg Cafe, located in Big Fashion mall, has made a name for itself as THE place for high quality dairy food and excellent coffee.  With a very extensive food and drinks menu, Greg caters for all tastes. The cafe prides itself in offering a large vegan menu, full of healthy, tasty options.  There are also different fish and pasta dishes, along with breakfasts, sandwiches and the most decadent salads you''ll ever have. Their takeaway service is as top notch as their eat in experience; you won''t be disappointed. ","description_he":"\\u05e7\\u05e4\\u05d4 \\u05d2\\u05e8\\u05d2 \\u05d9\\u05e6\\u05e8 \\u05dc\\u05e2\\u05e6\\u05de\\u05d5 \\u05de\\u05d5\\u05e0\\u05d9\\u05d8\\u05d9\\u05df \\u05d1\\u05ea\\u05d5\\u05e8 \\u05d1\\u05d9\\u05ea \\u05e7\\u05e4\\u05d4 \\u05d4\\u05de\\u05d2\\u05d9\\u05e9 \\u05d0\\u05d5\\u05db\\u05dc \\u05d7\\u05dc\\u05d1\\u05d9 \\u05d0\\u05d9\\u05db\\u05d5\\u05ea\\u05d9 \\u05d5\\u05e7\\u05e4\\u05d4 \\u05de\\u05e6\\u05d5\\u05d9\\u05d9\\u05df. \\u05dc\\u05e7\\u05e4\\u05d4 \\u05d2\\u05e8\\u05d2 \\u05ea\\u05e4\\u05e8\\u05d9\\u05d8 \\u05e2\\u05e9\\u05d9\\u05e8 \\u05de\\u05d0\\u05d5\\u05d3 \\u05e9\\u05d1\\u05de\\u05e8\\u05db\\u05d6\\u05d5 \\u05d0\\u05e8\\u05d5\\u05d7\\u05ea \\u05d1\\u05d5\\u05e7\\u05e8 \\u05d8\\u05e2\\u05d9\\u05de\\u05d4, \\u05e2\\u05e9\\u05d9\\u05e8\\u05d4 \\u05d5\\u05de\\u05e4\\u05e0\\u05e7\\u05ea. \\u05d4\\u05e8\\u05e9\\u05ea \\u05dc\\u05d0 \\u05e7\\u05d5\\u05e4\\u05d0\\u05ea \\u05e2\\u05dc \\u05e9\\u05de\\u05e8\\u05d9\\u05d4 \\u05dc\\u05e8\\u05d2\\u05e2, \\u05d5\\u05de\\u05e7\\u05e4\\u05d9\\u05d3\\u05d4 \\u05dc\\u05d7\\u05d3\\u05e9, \\u05dc\\u05d4\\u05ea\\u05d7\\u05d3\\u05e9 \\u05d5\\u05dc\\u05e8\\u05d2\\u05e9 \\u05d0\\u05ea \\u05e7\\u05d4\\u05dc \\u05dc\\u05e7\\u05d5\\u05d7\\u05d5\\u05ea\\u05d9\\u05d4 \\u05e2\\"\\u05d9 \\u05d4\\u05e9\\u05e7\\u05ea \\u05ea\\u05e4\\u05e8\\u05d9\\u05d8 \\u05d7\\u05d3\\u05e9, \\u05de\\u05d2\\u05d5\\u05d5\\u05df \\u05d5\\u05d0\\u05e7\\u05dc\\u05e7\\u05d8\\u05d9 \\u05de\\u05d3\\u05d9 \\u05e9\\u05e0\\u05d4, \\u05d4\\u05de\\u05e9\\u05dc\\u05d1 \\u05d0\\u05e8\\u05d5\\u05d7\\u05d5\\u05ea \\u05de\\u05db\\u05dc \\u05d4\\u05e2\\u05d5\\u05dc\\u05dd \\u05d5\\u05de\\u05de\\u05d8\\u05d1\\u05d7\\u05d9\\u05dd \\u05de\\u05d2\\u05d5\\u05d5\\u05e0\\u05d9\\u05dd \\u05d1\\u05d9\\u05e0\\u05d9\\u05d4\\u05dd \\u05de\\u05d8\\u05d1\\u05d7 \\u05d0\\u05d9\\u05d8\\u05dc\\u05e7\\u05d9, \\u05d0\\u05e1\\u05d9\\u05d9\\u05ea\\u05d9, \\u05d0\\u05de\\u05e8\\u05d9\\u05e7\\u05d0\\u05d9, \\u05d1\\u05dc\\u05e7\\u05e0\\u05d9, \\u05e9\\u05d5\\u05d5\\u05d9\\u05e6\\u05e8\\u05d9, \\u05de\\u05e7\\u05e1\\u05d9\\u05e7\\u05e0\\u05d9, \\u05e1\\u05e4\\u05e8\\u05d3\\u05d9 \\u05d5\\u05db\\u05de\\u05d5\\u05d1\\u05df - \\u05d9\\u05e9\\u05e8\\u05d0\\u05dc\\u05d9. \\u05db\\u05de\\u05d5 \\u05db\\u05df, \\u05d1\\u05d9\\u05ea \\u05d4\\u05e7\\u05e4\\u05d4 \\u05de\\u05e6\\u05d9\\u05e2 \\u05de\\u05e0\\u05d5\\u05ea \\u05d8\\u05d1\\u05e2\\u05d5\\u05e0\\u05d9\\u05d5\\u05ea \\u05d1\\u05e8\\u05d9\\u05d0\\u05d5\\u05ea \\u05d5\\u05d8\\u05e2\\u05d9\\u05de\\u05d5\\u05ea. ","address_en":"Big Fashion Mall, Yigal Alon 1, Beit Shemesh","address_he":"\\u05e7\\u05e0\\u05d9\\u05d5\\u05df \\u05d1\\u05d9\\u05d2 \\u05e4\\u05d0\\u05e9\\u05df, \\u05d9\\u05d2\\u05d0\\u05dc \\u05d0\\u05dc\\u05d5\\u05df 1, \\u05d1\\u05d9\\u05ea \\u05e9\\u05de\\u05e9","hechsher_en":"Badatz Beit Yosef","hechsher_he":"\\u05d1\\u05d3\\"\\u05e5 \\u05d1\\u05d9\\u05ea \\u05d9\\u05d5\\u05e1\\u05e3  \\u00a0 \\u00a0 \\u00a0 \\u00a0 ","gallery":[{"url":"\\/m\\/en\\/img\\/greg_gallery\\/Antipasto Shakshuka.png"},{"url":"\\/m\\/en\\/img\\/greg_gallery\\/Baked Salmon Fillet with vegitables.png"},{"url":"\\/m\\/en\\/img\\/greg_gallery\\/Bass Fillet.png"},{"url":"\\/m\\/en\\/img\\/greg_gallery\\/Breakfast for two.png"},{"url":"\\/m\\/en\\/img\\/greg_gallery\\/Breakfast.png"},{"url":"\\/m\\/en\\/img\\/greg_gallery\\/Breakfastt.png"},{"url":"\\/m\\/en\\/img\\/greg_gallery\\/Cheese Filo Burreka.png"},{"url":"\\/m\\/en\\/img\\/greg_gallery\\/Cheese Tortilla.png"},{"url":"\\/m\\/en\\/img\\/greg_gallery\\/Double Veggie Burger.png"},{"url":"\\/m\\/en\\/img\\/greg_gallery\\/Vegitables in Curry.png"},{"url":"\\/m\\/en\\/img\\/greg_gallery\\/Scandinavian Morning.png"}],"rest_lat":"31.766797","rest_lng":"34.988855","timings":[{"id":"1","company_id":"2","week_en":"Monday","week_he":"\\u05d9\\u05d5\\u05dd \\u05d1","opening_time":"08:00","closing_time":"02:00","opening_time_he":"08:00","closing_time_he":"02:00","delivery_timing":"03:00"},{"id":"2","company_id":"2","week_en":"Tuesday","week_he":"\\u05d9\\u05d5\\u05dd \\u05d2","opening_time":"00:00","closing_time":"23:30","opening_time_he":"00:00","closing_time_he":"23:30","delivery_timing":"00:30"},{"id":"3","company_id":"2","week_en":"Wednesday","week_he":"\\u05d9\\u05d5\\u05dd \\u05d3","opening_time":"10:00","closing_time":"23:59","opening_time_he":"10:00","closing_time_he":"23:59","delivery_timing":"20:20"},{"id":"4","company_id":"2","week_en":"Thursday","week_he":"\\u05d9\\u05d5\\u05dd \\u05d4","opening_time":"00:00","closing_time":"23:59","opening_time_he":"00:00","closing_time_he":"23:59","delivery_timing":"14:50"},{"id":"5","company_id":"2","week_en":"Friday","week_he":"\\u05e9\\u05e9\\u05d9","opening_time":"00:00","closing_time":"24:00","opening_time_he":"00:00","closing_time_he":"24:00","delivery_timing":"01:00"},{"id":"6","company_id":"2","week_en":"Saturday","week_he":"\\u05e9\\u05d1\\u05ea","opening_time":"00:02","closing_time":"16:55","opening_time_he":"00:02","closing_time_he":"16:55","delivery_timing":"17:55"},{"id":"7","company_id":"2","week_en":"Sunday","week_he":"\\u05d9\\u05d5\\u05dd \\u05d0","opening_time":"00:00","closing_time":"24:00","opening_time_he":"00:00","closing_time_he":"24:00","delivery_timing":"01:00"}],"today_timings":"00:00 - 23:59","percentage_discount":"8"},"order_detail":[{"itemId":"388","itemPrice":"45.08","itemName":"House Shakshuka","itemNameHe":"\\u05e9\\u05e7\\u05e9\\u05d5\\u05e7\\u05d4 \\u05e9\\u05dc \\u05d1\\u05d9\\u05ea ","qty":"1","specialRequest":""}],"foodCartData":[{"name":"House Shakshuka","name_he":"\\u05e9\\u05e7\\u05e9\\u05d5\\u05e7\\u05d4 \\u05e9\\u05dc \\u05d1\\u05d9\\u05ea ","price":"45.08","price_without_subItems":"45.08","detail":"","detail_he":"","orderIndex":"0","qty":"1","specialRequest":"","subItemOneIndex":"","subItemMultipleIndex":""}]}],"actual_total":"45.08","total_paid":"45.08","company_contribution":"0","payment_option":"CASH","discount":"8","selectedCardId":"","transactionId":""}', 'pending');

-- --------------------------------------------------------

--
-- Table structure for table `b2b_order_detail`
--

CREATE TABLE IF NOT EXISTS `b2b_order_detail` (
  `id` int(11) NOT NULL AUTO_INCREMENT,
  `order_id` int(11) DEFAULT NULL,
  `item_id` int(11) DEFAULT NULL,
  `qty` int(11) DEFAULT NULL,
  `item` varchar(255) DEFAULT NULL,
  `sub_total` int(11) DEFAULT NULL,
  `sub_items` varchar(255) DEFAULT NULL,
  PRIMARY KEY (`id`)
) ENGINE=InnoDB  DEFAULT CHARSET=utf8 AUTO_INCREMENT=530 ;

--
-- Dumping data for table `b2b_order_detail`
--

INSERT INTO `b2b_order_detail` (`id`, `order_id`, `item_id`, `qty`, `item`, `sub_total`, `sub_items`) VALUES
(26, 50, NULL, 1, 'Angus Salad', 101, '150 grams goose breast or entrecote (+19), 50 grams goose breast (+8), 80 grams goose liver (+30)'),
(30, 54, NULL, 1, 'American Fries', 14, 'Garlic Mayo, Sweet chilli'),
(31, 54, NULL, 1, 'Angus Salad', 44, ''),
(32, 55, NULL, 1, 'Angus Salad', 44, ''),
(33, 56, NULL, 1, 'Angus Salad', 44, ''),
(34, 57, NULL, 1, 'Angus Salad', 44, ''),
(35, 58, NULL, 1, 'Chicken Salad', 42, ''),
(36, 59, NULL, 1, 'Angus Salad', 44, ''),
(37, 60, NULL, 1, 'Chicken Salad', 42, ''),
(38, 61, NULL, 1, 'Angus Salad', 44, ''),
(39, 62, NULL, 1, 'Angus Salad', 44, ''),
(40, 63, NULL, 1, '#87 Japan Roll', 43, 'Soya'),
(41, 64, NULL, 1, 'Kebab', 40, 'Fried onion (+5)'),
(42, 65, NULL, 2, '230 g burger', 40, 'Fried onion (+5)'),
(43, 66, NULL, 1, 'Kebab', 40, 'Fried onion (+5)'),
(44, 66, NULL, 1, 'Spring chicken', 40, 'Fried egg (+5)'),
(45, 66, NULL, 1, 'Spicy sausages', 40, 'Fried onion (+5)'),
(46, 67, NULL, 1, 'Aroma Salad', 50, 'Size:Large, Pickled Lemon Spread, Hot Chickpeas (+3), Avocado Spread (+3)'),
(47, 67, NULL, 3, 'Jerusalem Salad', 39, 'Spicy Pepper Spread'),
(48, 67, NULL, 2, 'Quinoa Salad', 48, 'Pickled Lemon Spread, Spicy Pepper Spread, Hot Chickpeas (+3), Olive Tapenad (+3)'),
(49, 68, NULL, 1, 'Beet, Apple, Carrot, Celery', 16, ''),
(50, 69, NULL, 1, 'Aroma Salad', 39, 'Size:Individual'),
(51, 70, NULL, 1, 'Angus Salad', 88, '150 grams goose breast or entrecote (+18), 170 grams chicken breast (+18), Egg (+4), portobello mushroom (+4)'),
(52, 71, NULL, 1, 'Chicken Salad', 42, ''),
(53, 72, NULL, 2, 'Angus Tortilla', 36, 'Thousand Island, Garlic Mayo'),
(54, 73, NULL, 3, 'Coca Cola Zero', 8, ''),
(55, 74, NULL, 1, 'Coca Cola Zero', 8, ''),
(56, 75, NULL, 1, 'Angus Salad', 62, '150 grams goose breast or entrecote (+18)'),
(57, 76, NULL, 1, 'Small Sweet Potato Fries', 14, 'Size:Small'),
(58, 77, NULL, 1, 'Small Sweet Potato Fries', 14, 'Size:Small'),
(59, 78, NULL, 1, 'Coca Cola Zero', 8, ''),
(60, 79, NULL, 1, 'Angus Salad', 44, ''),
(61, 80, NULL, 1, ' ', 88, ' (+18),   (+18),  (+4),  (+4)'),
(62, 81, NULL, 1, ' ', 88, ' (+18),   (+18),  (+4),  (+4), , '),
(63, 82, NULL, 1, 'Shawarma', 33, 'Bread Type:Pita, Spring Chicken, French Fries, Fried Onions'),
(64, 83, NULL, 1, 'Angus Salad', 80, '150 grams goose breast or entrecote (+18), 170 grams chicken breast (+18)'),
(65, 84, NULL, 2, 'Angus Salad', 62, '150 grams goose breast or entrecote (+18)'),
(66, 85, NULL, 1, 'Beet, Apple, Carrot, Celery', 16, ''),
(67, 86, NULL, 2, 'Beet, Apple, Carrot, Celery', 16, ''),
(68, 87, NULL, 1, 'Fanta', 12, ''),
(69, 88, NULL, 1, 'Angus Salad', 44, ''),
(70, 89, NULL, 1, 'Angus Salad', 88, '150 grams goose breast or entrecote (+18), 170 grams chicken breast (+18), Egg (+4), portobello mushroom (+4)'),
(71, 90, NULL, 1, 'Angus Salad', 71, '150 grams goose breast or entrecote (+15.3), 170 grams chicken breast (+15.3), Egg (+3.4)'),
(72, 91, NULL, 1, ' ', 68, '150 grams goose breast or entrecote (+15.3), 170 grams chicken breast (+15.3)'),
(73, 92, NULL, 1, 'Chicken Breast', 35, 'Type of Bread :Pita'),
(74, 93, NULL, 1, ' ', 41, 'Egg (+3.4)'),
(75, 94, NULL, 1, ' ', 53, '150 grams goose breast or entrecote (+15.3)'),
(76, 95, NULL, 1, ' ', 66, '150 grams goose breast or entrecote (+15.3), 170 grams chicken breast (+15.3)'),
(77, 96, NULL, 1, ' ', 53, '170 grams chicken breast (+15.3)'),
(78, 97, NULL, 1, ' ', 53, '150 grams goose breast or entrecote (+15.3)'),
(79, 98, NULL, 1, ' ', 37, ''),
(80, 99, NULL, 1, ' ', 53, '170 grams chicken breast (+15.3)'),
(81, 100, NULL, 1, ' ', 37, ''),
(82, 101, NULL, 1, ' ', 34, ''),
(83, 102, NULL, 1, 'Angus Salad', 37, ''),
(84, 103, NULL, 1, 'Angus Salad', 37, ''),
(85, 104, NULL, 1, ' ', 37, ''),
(86, 105, NULL, 1, ' ', 37, ''),
(87, 106, NULL, 1, ' ', 37, ''),
(88, 107, NULL, 1, ' ', 37, ''),
(89, 108, NULL, 1, ' ', 36, ''),
(90, 109, NULL, 2, 'Angus Salad', 75, '150 grams goose breast or entrecote (+15.3), 170 grams chicken breast (+15.3), Egg (+3.4), portobello mushroom (+3.4)'),
(91, 109, NULL, 1, 'Pargit Tortilla', 29, 'Thousand Island, Sweet Chilli, Lettuce'),
(92, 110, NULL, 1, 'Angus Salad', 71, '150 grams goose breast or entrecote (+15.3), 170 grams chicken breast (+15.3), portobello mushroom (+3.4)'),
(93, 111, NULL, 1, 'Angus Salad', 75, '150 grams goose breast or entrecote (+15.3), 170 grams chicken breast (+15.3), Egg (+3.4), portobello mushroom (+3.4), Garlic Mayo, Sweet Chilli, Spicy Chilli'),
(94, 112, NULL, 2, 'Angus Salad', 75, '150 grams goose breast or entrecote (+15.3), 170 grams chicken breast (+15.3), Egg (+3.4), portobello mushroom (+3.4), Ketchup'),
(95, 113, NULL, 1, 'Xl Pie', 85, 'Onions (+5), Mushrooms (+5), Olives (+5), Tomatoes (+5)'),
(96, 114, NULL, 2, 'Angus Burger', 53, 'Ketchup, Bbq, Tomato, Onions, Pickles, Fried onions, 170 grams chicken breast (+15.3), portobello mushroom (+3.4)'),
(97, 115, NULL, 1, 'Angus Tortilla', 37, 'Bbq, Thousand Island, Garlic Mayo, Onions, Pickles, Fried onions, Egg (+3.4), portobello mushroom (+3.4)'),
(98, 116, NULL, 1, 'Angus Salad', 68, '150 grams goose breast or entrecote (+15.3), 170 grams chicken breast (+15.3)'),
(99, 117, NULL, 1, 'Angus Salad', 68, '150 grams goose breast or entrecote (+15.3), 170 grams chicken breast (+15.3)'),
(100, 118, NULL, 2, 'Angus Salad', 75, '150 grams goose breast or entrecote (+15.3), 170 grams chicken breast (+15.3), Egg (+3.4), portobello mushroom (+3.4), Ketchup'),
(101, 119, NULL, 2, 'Angus Salad', 75, '150 grams goose breast or entrecote (+15.3), 170 grams chicken breast (+15.3), Egg (+3.4), portobello mushroom (+3.4), Bbq, Thousand Island, Spicy Chilli'),
(102, 120, NULL, 2, 'Angus Salad', 75, '150 grams goose breast or entrecote (+15.3), 170 grams chicken breast (+15.3), Egg (+3.4), portobello mushroom (+3.4), Bbq, Thousand Island, Garlic Mayo, Spicy Chilli'),
(103, 121, NULL, 1, 'Angus Salad', 75, '150 grams goose breast or entrecote (+15.3), 170 grams chicken breast (+15.3), Egg (+3.4), portobello mushroom (+3.4), Ketchup'),
(104, 122, NULL, 2, 'Angus Salad', 75, '150 grams goose breast or entrecote (+15.3), 170 grams chicken breast (+15.3), Egg (+3.4), portobello mushroom (+3.4), Ketchup'),
(105, 123, NULL, 1, 'Angus Salad', 75, '150 grams goose breast or entrecote (+15.3), 170 grams chicken breast (+15.3), Egg (+3.4), portobello mushroom (+3.4)'),
(106, 124, NULL, 1, 'Angus Salad', 68, '150 grams goose breast or entrecote (+15.3), 170 grams chicken breast (+15.3)'),
(107, 125, NULL, 2, 'Angus Salad', 71, '150 grams goose breast or entrecote (+15.3), 170 grams chicken breast (+15.3), Egg (+3.4)'),
(108, 126, NULL, 1, 'Angus Salad', 75, '150 grams goose breast or entrecote (+15.3), 170 grams chicken breast (+15.3), Egg (+3.4), portobello mushroom (+3.4)'),
(109, 127, NULL, 1, 'Angus Salad', 75, '150 grams goose breast or entrecote (+15.3), 170 grams chicken breast (+15.3), Egg (+3.4), portobello mushroom (+3.4)'),
(110, 128, NULL, 1, 'Angus Salad', 68, '150 grams goose breast or entrecote (+15.3), 170 grams chicken breast (+15.3)'),
(111, 129, NULL, 1, 'Angus Salad', 68, '150 grams goose breast or entrecote (+15.3), 170 grams chicken breast (+15.3)'),
(112, 130, NULL, 1, 'Angus Salad', 71, '150 grams goose breast or entrecote (+15.3), 170 grams chicken breast (+15.3), Egg (+3.4)'),
(113, 131, NULL, 1, 'Chicken Salad', 66, '150 grams goose breast or entrecote (+15.3), 170 grams chicken breast (+15.3)'),
(114, 132, NULL, 2, 'Angus Salad', 75, '150 grams goose breast or entrecote (+15.3), 170 grams chicken breast (+15.3), Egg (+3.4), portobello mushroom (+3.4)'),
(115, 133, NULL, 1, 'Angus Salad', 68, '150 grams goose breast or entrecote (+15.3), 170 grams chicken breast (+15.3)'),
(116, 134, NULL, 2, 'Angus Salad', 68, '150 grams goose breast or entrecote (+15.3), 170 grams chicken breast (+15.3)'),
(117, 135, NULL, 1, 'Angus Salad', 75, '150 grams goose breast or entrecote (+15.3), 170 grams chicken breast (+15.3), Egg (+3.4), portobello mushroom (+3.4)'),
(118, 136, NULL, 1, 'Angus Salad', 75, '150 grams goose breast or entrecote (+15.3), 170 grams chicken breast (+15.3), Egg (+3.4), portobello mushroom (+3.4)'),
(119, 137, NULL, 1, 'Angus Salad', 68, '150 grams goose breast or entrecote (+15.3), 170 grams chicken breast (+15.3)'),
(120, 138, NULL, 2, 'One entrecote Skewer', 40, '  :, Spicy Schug, Sweet Chili, Spicy Chilli'),
(121, 139, NULL, 1, 'Angus Sandwich', 37, 'Garlic Mayo, Pickles'),
(122, 139, NULL, 1, 'Angus Sandwich', 37, 'Bbq, Spicy Chilli, Lettuce, Tomato, Fried onions'),
(123, 139, NULL, 1, 'Angus Sandwich', 37, 'Garlic Mayo, Lettuce, Tomato, Pickles'),
(124, 139, NULL, 1, 'Angus Salad', 44, 'Thousand Island, Garlic Mayo, Sweet Chilli'),
(125, 139, NULL, 1, 'Angus Salad', 44, 'Bbq'),
(126, 140, NULL, 1, 'Angus Salad', 44, ''),
(127, 141, NULL, 1, '#53 Szechuan beef / chicken', 51, ''),
(128, 141, NULL, 1, '#53 Szechuan beef / chicken', 51, ''),
(129, 141, NULL, 1, '#53 Szechuan beef / chicken', 51, ''),
(130, 141, NULL, 1, '#53 Szechuan beef / chicken', 51, ''),
(131, 141, NULL, 1, '#55 Chicken with Asian vegetable medley', 51, ''),
(132, 141, NULL, 1, '#12 Hot crispy chicken salad ', 38, ''),
(133, 142, NULL, 1, 'Angus Tortilla', 31, ''),
(134, 143, NULL, 1, 'Lamb burger 300 g', 44, 'Lettuce, Tomato, Pickles, Onion, Cucumber, Eggplant, Garlic mayonnaise, BBQ, 1000 Island, Burger Bun'),
(135, 144, NULL, 1, 'Lamb burger 150 g', 42, 'Fried egg (+5), Roasted peppers (+3), Lettuce, Ketchup, Garlic mayonnaise, BBQ, Burger Bun'),
(136, 145, NULL, 1, 'Chicken salad', 40, 'Garlic mayonnaise, Mustard, Sweet Chili, Hot chili, Chimichurri'),
(137, 146, NULL, 1, 'Bourekas Special', 19, ''),
(138, 147, NULL, 1, 'Stir fried chicken salad', 40, 'BBQ, Sweet Chili, Chimichurri'),
(139, 148, NULL, 1, 'House burger 220 g meat', 46, 'Fried egg (+5), Mushroom (+3), Lettuce, Fried onion, Garlic mayonnaise, BBQ, Hot chili, Burger Bun'),
(140, 149, NULL, 1, 'Schnitzel Baguette', 34, 'Schug, Hummus, White cabbage salad'),
(141, 149, NULL, 1, 'Spicy sausege Baguette', 34, 'Hummus, Red cabbage salad'),
(142, 149, NULL, 1, 'House Beef kebab Baguette', 34, 'Hummus, White cabbage salad'),
(143, 149, NULL, 1, 'Spring Chicken Baguette', 37, 'Techina, Hummus, White cabbage salad, Fried Eggplant'),
(144, 149, NULL, 1, 'Crispy salad', 39, ''),
(145, 149, NULL, 1, 'French fries', 9, ''),
(146, 150, NULL, 1, 'Spring Chicken With Green Herbs', 58, ''),
(147, 151, NULL, 1, 'Sandwich Chicken', 48, 'Lettuce, Tomatoes, Pickled Jalapeo, Tehina, Dijon Mustard And Mayo Mix, Hot Peppers Spread, Guacamole (+5)'),
(148, 152, NULL, 1, 'The House Burger 250G', 39, 'Lettuce, Tomatoes, Pickles, Pesto, Ketchup, Tehina, Sweet Chili'),
(149, 153, NULL, 1, '3 * Burger deal', 62, '    (+3), , Lettuce, Tomato, Pickles, Onion'),
(150, 153, NULL, 1, '2* Burger deal', 54, ', , Lettuce, Tomato, Pickles, Onion'),
(151, 153, NULL, 1, '2* Burger deal', 54, ', -, Lettuce, Tomato, Pickles, Onion'),
(152, 153, NULL, 1, '2* Burger deal', 54, ',  , Lettuce, Tomato, Pickles, Onion'),
(153, 153, NULL, 1, '2* Burger deal', 54, ',  , Pickles'),
(154, 153, NULL, 1, '1* Burger deal', 44, ', , Lettuce, Pickles, Onion'),
(155, 154, NULL, 1, 'Chicken salad', 36, 'Chimichurri'),
(156, 155, NULL, 2, 'Shawarma', 33, ':,  , French Fries'),
(157, 156, NULL, 1, 'Chicken Salad', 42, 'Garlic Mayo'),
(158, 157, NULL, 1, 'Angus Salad', 44, 'Bbq, Sweet Chilli'),
(159, 158, NULL, 1, 'Angus Salad', 44, 'Bbq, Sweet Chilli'),
(160, 158, NULL, 1, 'Chicken Salad', 42, ''),
(161, 159, NULL, 1, 'Chicken Salad', 42, 'Garlic Mayo'),
(162, 160, NULL, 1, 'Angus Burger', 40, 'Ketchup, Bbq'),
(163, 161, NULL, 1, 'Angus Burger', 40, 'Bbq, Thousand Island'),
(164, 162, NULL, 1, 'Bandora Express', 42, 'French Fries, Fried Onions'),
(165, 163, NULL, 1, 'Salmon wrap', 34, ''),
(166, 164, NULL, 1, 'Shawarma', 39, 'Bread Type:Baguette, Spring Chicken, French Fries'),
(167, 165, NULL, 1, 'Pad Thai', 43, ''),
(168, 165, NULL, 1, 'Popia', 25, ''),
(169, 166, NULL, 1, 'Gluten Free', 50, 'Onions (+5), Mushrooms (+5), Olives (+5)'),
(170, 166, NULL, 2, 'Home Fries', 28, ''),
(171, 166, NULL, 2, 'Edamame', 15, ''),
(172, 166, NULL, 1, 'Cheese Ravioli', 32, 'Fettuccine'),
(173, 166, NULL, 2, 'Pasta Roza', 28, 'Fettuccine'),
(174, 166, NULL, 1, 'Greek Salad', 28, ''),
(175, 167, NULL, 1, 'Lamb burger 300 g', 44, 'Lettuce, Tomato, Pickles, Onion, Cucumber, Eggplant, Humous, Schug, Ketchup, Mayonnaise, Garlic mayonnaise, Burger Bun'),
(176, 168, NULL, 1, 'Bourekas Special', 19, ''),
(177, 169, NULL, 1, 'Yogurt Parfait', 24, ''),
(178, 170, NULL, 1, 'Tuna Sandwich', 29, 'whole wheat'),
(179, 171, NULL, 1, 'Chicken steak salad', 46, 'BBQ, Sweet Chili, Chimichurri'),
(180, 172, NULL, 1, 'Bandora Express', 42, 'French Fries, Fried Onions, Tomatoes'),
(181, 173, NULL, 1, 'Chicken salad', 36, ''),
(182, 174, NULL, 1, 'Salmon wrap', 34, ''),
(183, 175, NULL, 1, 'Burger 300 g meat', 44, 'Tomato, Pickles, Onion, BBQ, Burger Bun'),
(184, 176, NULL, 1, 'House burger 220 g meat', 43, 'Fried egg (+5), Fried onion, Garlic mayonnaise, BBQ, Burger Bun'),
(185, 177, NULL, 1, 'Chicken salad', 40, 'Garlic mayonnaise'),
(186, 178, NULL, 1, 'Chicken breast with pesto and parsley sauce', 31, 'Tomato, Pickles, Onion, Cucumber, Ketchup, BBQ, Baguette'),
(187, 179, NULL, 1, 'Angus Salad', 42, 'Garlic Mayo'),
(188, 179, NULL, 1, 'Angus Sandwich', 35, 'Garlic Mayo, Pickles'),
(189, 179, NULL, 1, 'Angus Sandwich', 35, 'Bbq, Spicy Chilli, Lettuce, Tomato, Pickles'),
(190, 179, NULL, 1, 'Onion Rings', 13, 'Ketchup, Garlic Mayo'),
(191, 179, NULL, 1, 'American Fries', 13, 'Ketchup, Garlic Mayo'),
(192, 179, NULL, 1, 'Angus Sandwich', 35, 'Bbq, Lettuce, Onions, Herb'),
(193, 179, NULL, 1, 'Angus Sandwich', 35, 'Bbq, Thousand Island, Lettuce, Fried onions, Pickled spicy pepper, Herb'),
(194, 179, NULL, 1, 'American Fries', 13, 'Ketchup, Bbq'),
(195, 180, NULL, 1, 'Tartar salmon', 29, ''),
(196, 180, NULL, 1, 'Edamame', 15, ''),
(197, 181, NULL, 1, 'Atza''s wings', 32, ''),
(198, 182, NULL, 1, 'Chicken sandwich', 39, 'Lettuce, Tomato, Pickles, Onion, 1000 Island dressing , BBQ sauce'),
(199, 183, NULL, 1, 'Halloumi Cheese salad', 39, 'white'),
(200, 184, NULL, 1, 'Classic burger', 35, 'Lettuce, Tomato, Onion, BBQ sauce, Sauteed onion (+3), Fried egg (+3)'),
(201, 185, NULL, 1, 'Omelet Sandwich', 29, 'Olives, Croutons'),
(202, 186, NULL, 1, 'Bandora Express', 42, 'French Fries, Fried Onions'),
(203, 187, NULL, 1, 'Mango mix', 24, 'Size:Medium'),
(204, 187, NULL, 1, 'reshape Cow''s yogurt', 24, 'Size:Medium'),
(205, 187, NULL, 1, 'relax Cow''s yogurt', 27, 'Size:Large'),
(206, 187, NULL, 1, 'relax Cow''s yogurt', 24, 'Size:Medium'),
(207, 187, NULL, 1, 'supertropic', 30, 'Size:Large'),
(208, 187, NULL, 1, 'Freeze Passionflower', 24, 'Size:Medium'),
(209, 187, NULL, 1, 'Regurt fruits', 24, 'Size:Medium'),
(210, 188, NULL, 1, 'Atza salad', 44, 'Size:Tempura Salmon'),
(211, 189, NULL, 1, 'Beet, Apple, Carrot, Celery', 16, ''),
(212, 190, NULL, 1, 'Angus Salad', 66, '170 grams chicken breast (+18), Egg (+4)'),
(213, 191, NULL, 1, 'Aroma Salad', 39, 'Size:Individual, Pickled Lemon Spread, Tahini'),
(214, 192, NULL, 1, 'Cold glass noddles salad', 26, ''),
(215, 192, NULL, 1, 'Veggie roll', 32, ''),
(216, 193, NULL, 1, 'Chicken in tempura ', 46, ''),
(217, 194, NULL, 1, 'Haloumi and mushroom', 63, ''),
(218, 194, NULL, 1, 'Haloumi and mushroom', 63, ''),
(219, 194, NULL, 1, 'Haloumi and mushroom', 63, ''),
(220, 195, NULL, 1, 'Haloumi and mushroom', 63, ''),
(221, 196, NULL, 1, 'Fried rice - vegetarian', 38, ''),
(222, 197, NULL, 2, 'Beet, Apple, Carrot, Celery', 16, ''),
(223, 197, NULL, 1, 'Cinnamon Danish', 13, ''),
(224, 197, NULL, 1, 'Beet, Apple, Carrot, Celery', 16, ''),
(225, 198, NULL, 1, 'Atza salad', 44, 'Size:Tempura Salmon'),
(226, 199, NULL, 1, 'Yogurt Parfait', 22, ''),
(227, 199, NULL, 1, 'Ice Aroma diet', 15, ''),
(228, 200, NULL, 1, 'Salmon wrap', 34, ''),
(229, 201, NULL, 1, 'refemme Goat''s yogurt', 24, 'Size:Large'),
(230, 202, NULL, 1, 'Lamb burger 300 g', 44, 'Lettuce, Tomato, Pickles, Onion, Burger Bun'),
(231, 203, NULL, 1, 'Chicken Salad', 42, 'Garlic Mayo'),
(232, 204, NULL, 1, 'Schnitzel nuggets salad', 40, 'BBQ, Sweet Chili, Chimichurri'),
(233, 204, NULL, 1, 'Stir fried chicken salad', 40, 'Garlic mayonnaise, Hot chili, Chimichurri'),
(234, 205, NULL, 1, 'Schnitzel nuggets', 29, 'Pickles, BBQ, Hot chili, Burger Bun'),
(235, 206, NULL, 1, 'Angus Salad', 44, 'Garlic Mayo'),
(236, 206, NULL, 1, 'Angus Salad', 44, 'Garlic Mayo, Sweet Chilli'),
(237, 207, NULL, 1, 'Angus Tortilla', 36, 'Bbq, Garlic Mayo, Jalpeo, Lettuce, Fried onions, Pickled spicy pepper'),
(238, 208, NULL, 1, 'Schnitzel nuggets salad', 40, 'BBQ, Sweet Chili, Chimichurri'),
(239, 208, NULL, 1, 'Stir fried chicken salad', 40, 'Garlic mayonnaise, Hot chili, Chimichurri'),
(240, 209, NULL, 1, 'Lamb burger 300 g', 44, 'Lettuce, Tomato, Pickles, Onion, Burger Bun'),
(241, 210, NULL, 1, 'Lamb burger 300 g', 44, 'Lettuce, Tomato, Pickles, Onion, Burger Bun'),
(242, 211, NULL, 3, 'Shawarma', 30, ':,  , Tomatoes, Techina'),
(243, 211, NULL, 3, 'Bandura Mixed Grill', 30, ':,  , Roasted Peppers'),
(244, 212, NULL, 3, 'Bandora Express', 38, 'Tomatoes, Roasted Peppers, Techina, Chummus'),
(245, 213, NULL, 2, 'Bandora Express', 42, 'Fried Onions, Tomatoes, Amba'),
(246, 214, NULL, 4, 'Miso soup', 15, ''),
(247, 215, NULL, 2, 'Bandora Express', 42, 'Fried Onions, Tomatoes, Amba, Spicy'),
(248, 216, NULL, 1, 'Chicken breast', 45, 'Rice with Lentals, Stuffed Pepper, Amba, Sweet Chili, mayonnaise, Spicy Eggplant, Matbuha, Pickles, Beetroot salad'),
(249, 216, NULL, 1, 'Spring chicken', 45, 'Size:Two skewers, Potatos Chips , Vegetable Salad, Techina, Sweet Chili, Hummus, Fried Eggplant, White cabbage, Pickles'),
(250, 216, NULL, 1, 'Two spring chicken skewers', 35, 'Type of Bread :Pita, Amba, Techina, Hummus, Fried Onion, Eggplant in mayonnaise, Purple cabbage, White cabbage, Pickles, Potato Chips, Fried Eggplant, Tabule'),
(251, 216, NULL, 1, 'Felafel Balls', 5, 'Size:5, Techina, Hummus, Pickles'),
(252, 217, NULL, 1, 'Lamb burger 300 g', 44, 'Lettuce, Tomato, Pickles, Onion, Burger Bun'),
(253, 218, NULL, 1, 'Chicken salad', 40, ''),
(254, 219, NULL, 1, 'Children''s meal - hot dogs', 38, 'Ice tea'),
(255, 220, NULL, 1, 'Chicken breast with pesto and parsley sauce', 52, 'Salad, Chinese rice, Coca Cola Zero - small bottle'),
(256, 221, NULL, 1, 'Stir fried chicken salad', 40, ''),
(257, 222, NULL, 1, 'Orange Breakfast', 32, 'Size:Normal, light grain, Tahini, Pickles, Pesto'),
(258, 222, NULL, 1, 'Mineral Water', 7, ''),
(259, 223, NULL, 1, 'Orange Breakfast', 35, 'Size:Normal, light grain, Pickles, Pesto, Avocado Spread (+2.7)'),
(260, 224, NULL, 1, 'Ice Aroma diet', 15, ''),
(261, 224, NULL, 1, 'Breakfast On-the-Go', 17, 'Tahini, Pickles'),
(262, 225, NULL, 1, 'Orange Breakfast', 32, 'Size:Normal, light grain, Pickled Lemon Spread, Pesto'),
(263, 226, NULL, 1, 'Salmon wrap', 34, ''),
(264, 227, NULL, 1, 'Orange Breakfast', 32, 'Size:Normal, light grain, Pickles, Pesto'),
(265, 228, NULL, 1, 'Family pie with toppings', 25, 'Green olives, Corn'),
(266, 229, NULL, 1, 'Chocolate Chip Cookie', 10, ''),
(267, 230, NULL, 1, 'Greek Sandwich', 16, 'Pickles, Spicy Pepper Spread, light grain'),
(268, 230, NULL, 1, 'Egg Salad Sandwich', 16, 'Pickled Lemon Spread, Pickles, Olives, Pesto, Spicy Pepper Spread, whole wheat'),
(269, 231, NULL, 1, 'Orange Breakfast', 32, 'Size:Normal, light grain, Pickled Lemon Spread, Pesto'),
(270, 232, NULL, 1, 'Lamb burger 300 g', 44, 'Lettuce, Tomato, Pickles, Onion, Burger Bun'),
(271, 233, NULL, 1, 'Schnitzel nuggets', 29, 'Pickles, BBQ, Hot chili, Burger Bun'),
(272, 234, NULL, 1, 'Children''s meal - hot dogs', 38, 'Coca Cola Zero - small bottle'),
(273, 235, NULL, 1, 'Atza salad', 44, 'Size:Tempura Salmon'),
(274, 235, NULL, 1, 'Salmon wrap', 34, ''),
(275, 236, NULL, 1, 'Salmon wrap', 34, ''),
(276, 236, NULL, 1, 'Salmon wrap', 34, ''),
(277, 237, NULL, 1, '220 Gram Entrecote Hamburger', 49, 'Lettuce, Tomatoes, Pickles, Portobello Mushroom (+8)'),
(278, 238, NULL, 1, 'Rosa Burger 220 Grams', 39, 'Lettuce, Tomatoes, Pickles, Tehina, Dijon Mustard And Mayo Mix'),
(279, 239, NULL, 1, 'Chicken steak (poulette)', 29, 'Lettuce, Tomato, Pickles, Onion, Cucumber, Chimichurri, Whole Wheat Ciabatta'),
(280, 239, NULL, 1, 'Bottled Water', 7, ''),
(281, 240, NULL, 1, 'Tartar salmon', 29, ''),
(282, 240, NULL, 1, 'Stir-fry broccoli', 25, ''),
(283, 241, NULL, 1, 'Atza''s wings', 32, ''),
(284, 242, NULL, 1, 'Cold Thai chicken salad', 32, ''),
(285, 243, NULL, 1, 'Chicken steak (poulette)', 31, 'Pickles, BBQ, Hot chili, Burger Bun'),
(286, 244, NULL, 1, 'Burger 300 g meat', 44, 'Lettuce, Tomato, Pickles, Onion, Whole Wheat Ciabatta'),
(287, 245, NULL, 1, 'Lamb burger 150 g', 34, 'Lettuce, Tomato, Fried onion, Garlic mayonnaise, BBQ, Burger Bun'),
(288, 246, NULL, 1, 'Spider roll', 32, ''),
(289, 246, NULL, 1, 'Edamame', 15, ''),
(290, 247, NULL, 1, 'Schnitzel Baguette', 32, 'Techina, Hummus, Turkish salad'),
(291, 248, NULL, 1, 'Tuna Sandwich', 29, ''),
(292, 248, NULL, 1, 'Ice Cappuccino espresso, cold milk, ice', 17, ''),
(293, 249, NULL, 1, 'Bourekas Special', 19, ''),
(294, 250, NULL, 1, 'Orange Breakfast', 36, 'Size:Normal, whole wheat'),
(295, 251, NULL, 1, 'Fruit Shake', 22, 'Water, Strawberry, Banana, Date'),
(296, 251, NULL, 1, 'Shakshuka', 35, 'Size:Normal, Glutten free bread (+2), Tahini, Olives'),
(297, 252, NULL, 1, 'Stir-fry broccoli', 27, ''),
(298, 252, NULL, 1, 'Spider roll', 33, ''),
(299, 253, NULL, 1, 'Schnitzel Baguette', 33, 'Techina, Hummus, Turkish salad'),
(300, 254, NULL, 1, 'Halloumi Cheese salad', 37, 'Tahini'),
(301, 255, NULL, 1, 'Regular pie', 65, 'Coce'),
(302, 256, NULL, 1, 'Chicken Sandwich', 51, 'Garlic Mayo, Lettuce, Tomato, Onions, 170 grams chicken breast (+18)'),
(303, 256, NULL, 1, 'Chicken Salad', 42, 'Garlic Mayo'),
(304, 257, NULL, 1, 'Bandora Express', 38, 'Bread Type:Pita, Veal, French Fries, Fried Onions'),
(305, 258, NULL, 1, 'Atza salad', 47, 'Size:Tempura Salmon'),
(306, 259, NULL, 1, 'Pad Thai', 41, 'chicken'),
(307, 260, NULL, 1, 'Muesli', 33, ''),
(308, 261, NULL, 1, 'Greek Salad', 32, 'Mushrooms (+4.9)'),
(309, 262, NULL, 1, 'Deli meat Baguette', 35, 'Onion rings (+8.82), Schug, Techina, Matbucha, Turkish salad'),
(310, 263, NULL, 1, 'Tartar salmon', 30, ''),
(311, 264, NULL, 1, 'Salmon wrap', 36, ''),
(312, 265, NULL, 1, '#92 Rainbow Roll', 43, ''),
(313, 265, NULL, 1, '#301 Red tuna, avocado and cucumber', 32, ''),
(314, 266, NULL, 1, '#500 Kyoto Combination - 16 pieces', 45, 'Soya, Teriyaki, Spicy Mayonnaise, Ginger'),
(315, 266, NULL, 1, '#107 Avocado Maki', 16, 'Teriyaki, Spicy Mayonnaise'),
(316, 267, NULL, 1, '#104 Spicy Taki Maki', 22, 'Soya, Teriyaki, Ginger'),
(317, 267, NULL, 1, '#303 Spicy tuna, avocado and cucumber', 32, 'Soya, Teriyaki, Ginger'),
(318, 268, NULL, 1, '#300 Salmon and avocado', 32, 'Teriyaki, Spicy Mayonnaise'),
(319, 269, NULL, 1, 'Spider roll', 33, ''),
(320, 270, NULL, 1, 'The House Burger 250G', 38, 'Lettuce, Tomatoes, Pickles, Pesto, Chimichurri, Ketchup, Mustard, Salsa, Sweet Chili, Hot Peppers Spread'),
(321, 270, NULL, 1, 'Tortilla Chicken', 41, 'Lettuce, Ketchup, Tehina, Sweet Chili'),
(322, 271, NULL, 1, 'Greek Salad', 32, 'Mushrooms (+4.9)'),
(323, 272, NULL, 1, 'Family pie with toppings', 25, 'Green olives, Corn'),
(324, 273, NULL, 1, 'Tartar salmon', 30, ''),
(325, 274, NULL, 1, 'Chummus And Techina', 23, ''),
(326, 274, NULL, 1, 'Chummus And Techina', 23, ''),
(327, 275, NULL, 1, 'Family pie with toppings', 25, 'Green olives, Corn'),
(328, 276, NULL, 1, 'Greek Salad', 32, 'Mushrooms (+4.9)'),
(329, 277, NULL, 1, 'Salmon wrap', 36, ''),
(330, 278, NULL, 1, 'Salmon wrap', 36, ''),
(331, 279, NULL, 1, 'Bagel Toast', 25, ''),
(332, 279, NULL, 1, 'Potato Bureka', 10, ''),
(333, 280, NULL, 1, 'Double Angus Sandwich', 56, ''),
(334, 281, NULL, 1, 'Chicken Salad', 42, 'Garlic Mayo'),
(335, 282, NULL, 1, 'Angus Tortilla', 36, 'Bbq, Garlic Mayo, Lettuce, Fried onions'),
(336, 283, NULL, 1, 'Shawarma', 30, 'Bread Type:Pita, Veal, French Fries, Fried Onions, Tomatoes'),
(337, 284, NULL, 1, 'Shawarma', 30, 'Bread Type:Pita, Veal, French Fries, Fried Onions'),
(338, 285, NULL, 1, 'Shawarma', 35, 'Bread Type:Baguette, Veal, French Fries, Tomatoes, Roasted Peppers, Chummus, Babaghanoush'),
(339, 286, NULL, 1, 'Shawarma', 35, ':, , French Fries, Tomatoes, Roasted Peppers'),
(340, 287, NULL, 1, 'Shawarma', 30, 'Bread Type:Pita, Mix, Fried Onions'),
(341, 288, NULL, 1, 'Angus Burger', 40, 'Thousand Island, Garlic Mayo'),
(342, 289, NULL, 1, 'Chummus And Techina', 25, ''),
(343, 290, NULL, 1, 'Shawarma', 30, 'Bread Type:Pita, Veal, Fried Onions, Tomatoes, Roasted Peppers, Techina'),
(344, 290, NULL, 3, 'Shawarma', 30, 'Bread Type:Pita, Veal, French Fries, Fried Onions'),
(345, 291, NULL, 1, 'Angus Burger', 40, 'Sweet Chilli, Spicy Chilli'),
(346, 292, NULL, 1, 'Shawarma', 30, 'Bread Type:Pita, Veal, Fried Onions, Tomatoes'),
(347, 257, NULL, 1, 'Bandora Express', 38, 'Thousand Island, Garlic Mayo'),
(348, 257, NULL, 1, 'Bandora Express', 38, 'Sweet Chilli, Spicy Chilli'),
(349, 293, NULL, 1, 'Chicken Breast', 34, 'Type of Bread :Pita, Amba, Hummus, Eggplant in mayonnaise, Beetroot salad, Spicy Eggplant'),
(350, 293, NULL, 1, 'Chicken Breast', 34, 'Type of Bread :Pita, Amba, Hummus, Eggplant in mayonnaise, Turkish salad, Fried Eggplant'),
(351, 294, NULL, 1, 'Chicken Breast', 34, 'Type of Bread :Pita, Amba, Hummus, Eggplant in mayonnaise, Beetroot salad, Spicy Eggplant'),
(352, 294, NULL, 1, 'Chicken Breast', 34, 'Type of Bread :Pita, Amba, Hummus, Eggplant in mayonnaise, Turkish salad, Fried Eggplant'),
(353, 295, NULL, 1, 'Chicken Breast', 34, 'Type of Bread :Pita, Amba, Ketchup, Turkish salad, Matbuha'),
(354, 295, NULL, 1, 'Schnitzel', 34, 'Type of Bread :Pita, mayonnaise, Ketchup, Fried Onion, Turkish salad'),
(355, 296, NULL, 1, 'Angus Salad', 63, '170 grams chicken breast (+17.1), Egg (+3.8), Bbq, Thousand Island, Garlic Mayo'),
(356, 297, NULL, 1, 'Chicken Breast', 34, 'Type of Bread :Pita, Amba, Hummus, Eggplant in mayonnaise, Beetroot salad, Spicy Eggplant'),
(357, 297, NULL, 1, 'Chicken Breast', 34, 'Type of Bread :Pita, Amba, Hummus, Eggplant in mayonnaise, Turkish salad, Fried Eggplant'),
(358, 298, NULL, 1, 'Chicken Breast', 34, 'Type of Bread :Pita, Amba, Hummus, Eggplant in mayonnaise, Beetroot salad, Spicy Eggplant'),
(359, 298, NULL, 1, 'Chicken Breast', 34, 'Type of Bread :Pita, Amba, Hummus, Eggplant in mayonnaise, Turkish salad, Fried Eggplant'),
(360, 299, NULL, 1, 'Chicken Breast', 34, 'Type of Bread :Pita, Amba, Hummus, Eggplant in mayonnaise, Beetroot salad, Spicy Eggplant'),
(361, 299, NULL, 1, 'Chicken Breast', 34, 'Type of Bread :Pita, Amba, Hummus, Eggplant in mayonnaise, Turkish salad, Fried Eggplant'),
(362, 300, NULL, 1, 'Chicken Breast', 34, 'Type of Bread :Pita, Amba, Hummus, Eggplant in mayonnaise, Beetroot salad, Spicy Eggplant'),
(363, 300, NULL, 1, 'Chicken Breast', 34, 'Type of Bread :Pita, Amba, Hummus, Eggplant in mayonnaise, Turkish salad, Fried Eggplant'),
(364, 301, NULL, 1, '#130 Veggie Tempura Roll', 28, 'Spicy Mayonnaise, Ginger'),
(365, 302, NULL, 1, 'Chicken Breast', 34, 'Type of Bread :Pita, Amba, Hummus, Eggplant in mayonnaise, Beetroot salad, Spicy Eggplant'),
(366, 302, NULL, 1, 'Chicken Breast', 34, 'Type of Bread :Pita, Amba, Hummus, Eggplant in mayonnaise, Turkish salad, Fried Eggplant'),
(367, 303, NULL, 1, 'Gluten Free', 60, 'Onions (+5), Mushrooms (+5), Olives (+5), Vegan Cheese (+10)'),
(368, 303, NULL, 1, 'Margarita', 28, ''),
(369, 303, NULL, 1, 'Xl + Toppings', 75, ''),
(370, 303, NULL, 1, 'Xl Pie', 86, 'Onions (+5), Mushrooms (+5), Vegan Cheese (+10), Egg (+1)'),
(371, 303, NULL, 1, 'Coca Cola', 10, ''),
(372, 303, NULL, 1, 'Sprite', 10, ''),
(373, 303, NULL, 1, 'Kid''s Meal', 30, 'Onions (+5)'),
(374, 303, NULL, 1, 'Pizza', 25, ''),
(375, 303, NULL, 1, 'Special offer - 3 Large Pizzas for 99 Shekel', 204, 'PIZZA 1 Tomatoes (+5), PIZZA 1 Mushrooms (+5), PIZZA 1 Onions (+5), PIZZA 1 Olives (+5), PIZZA 1 Corn (+5), PIZZA 1 Vegan Cheese (+10), PIZZA 2 Tomatoes (+5), PIZZA 2 Mushrooms (+5), PIZZA 2 Onions (+5), PIZZA 2 Olives (+5), PIZZA 2 Corn (+5), PIZZA 2 Veg'),
(376, 304, NULL, 1, '#87 Japan Roll', 40, 'Teriyaki'),
(377, 305, NULL, 1, 'Chicken Breast', 34, 'Type of Bread :Pita, Amba, Hummus, Eggplant in mayonnaise, Beetroot salad, Spicy Eggplant'),
(378, 305, NULL, 1, 'Chicken Breast', 34, 'Type of Bread :Pita, Amba, Hummus, Eggplant in mayonnaise, Turkish salad, Fried Eggplant'),
(379, 306, NULL, 1, 'Assorted Pastries', 16, 'Butter Pastry'),
(380, 306, NULL, 1, 'Muesli', 32, ''),
(381, 306, NULL, 1, 'Mini Pancakes', 36, ''),
(382, 306, NULL, 1, 'House Shakshuka', 45, ''),
(383, 306, NULL, 1, 'Assorted Pastries', 16, 'Cinnamon Pastry'),
(384, 306, NULL, 1, 'Coca Cola', 12, ''),
(385, 306, NULL, 1, 'Indian Samosa', 29, ''),
(386, 306, NULL, 1, 'Soup of the Day', 19, ''),
(387, 307, NULL, 1, 'Chicken Breast', 34, 'Type of Bread :Pita, Amba, Hummus, Eggplant in mayonnaise, Beetroot salad, Spicy Eggplant'),
(388, 307, NULL, 1, 'Chicken Breast', 34, 'Type of Bread :Pita, Amba, Hummus, Eggplant in mayonnaise, Turkish salad, Fried Eggplant'),
(389, 308, NULL, 1, '#87 Japan Roll', 40, 'Spicy Mayonnaise, Ginger'),
(390, 309, NULL, 1, 'Chicken Breast', 34, 'Type of Bread :Pita, Amba, Hummus, Eggplant in mayonnaise, Beetroot salad, Spicy Eggplant'),
(391, 309, NULL, 1, 'Chicken Breast', 34, 'Type of Bread :Pita, Amba, Hummus, Eggplant in mayonnaise, Turkish salad, Fried Eggplant'),
(392, 310, NULL, 8, '#100 Saki Maki', 21, 'Soya, Teriyaki, Spicy Mayonnaise, Ginger, Wasabi'),
(393, 310, NULL, 1, '#111 Tamago Maki', 15, ''),
(394, 310, NULL, 1, '#36 Chicken Pad Thai', 42, ''),
(395, 310, NULL, 1, '#37 Chicken Fried Rice', 42, ''),
(396, 310, NULL, 1, '#140 Spicy Tuna', 33, 'Wasabi, Spicy Mayonnaise'),
(397, 310, NULL, 1, '#87 Japan Roll', 40, ''),
(398, 311, NULL, 2, '#87 Japan Roll', 40, 'Spicy Mayonnaise'),
(399, 311, NULL, 1, '#87 Japan Roll', 40, 'Teriyaki'),
(400, 312, NULL, 1, '#87 Japan Roll', 40, 'Spicy Mayonnaise, Ginger'),
(401, 313, NULL, 1, 'Chicken Breast', 34, 'Type of Bread :Pita, Amba, Hummus, Eggplant in mayonnaise, Beetroot salad, Spicy Eggplant'),
(402, 313, NULL, 1, 'Chicken Breast', 34, 'Type of Bread :Pita, Amba, Hummus, Eggplant in mayonnaise, Turkish salad, Fried Eggplant'),
(403, 313, NULL, 1, 'Two Lamb skewer', 43, 'Type of Bread :Laffa, Amba, Hummus, Fried Onion, Turkish salad, Fried Hot Pepper, Pickles'),
(404, 314, NULL, 1, '#100 Saki Maki', 21, ''),
(405, 314, NULL, 1, '#101 Taki Maki', 21, ''),
(406, 314, NULL, 1, '#102 Hamachi Maki', 21, ''),
(407, 314, NULL, 1, '#88 Grilled Denis roll', 42, ''),
(408, 314, NULL, 1, '#89 Hot Denis roll', 34, ''),
(409, 315, NULL, 1, '#101 Taki Maki', 21, 'Wasabi'),
(410, 316, NULL, 1, 'Xl Pie', 65, ''),
(411, 316, NULL, 1, 'Xl + Toppings', 76, 'Onions, Egg (+1)'),
(412, 316, NULL, 1, 'Xl + Toppings', 76, 'Mushrooms, Vegan Cheese, Egg (+1)'),
(413, 316, NULL, 19, 'Margarita', 63, 'Onions (+5), Mushrooms (+5), Olives (+5), Tomatoes (+5), Corn (+5), Vegan Cheese (+10)'),
(414, 317, NULL, 2, '#20 Thai Spicy Coconut Soup', 20, ''),
(415, 317, NULL, 5, '#21 Asian Corn Soup', 15, ''),
(416, 318, NULL, 1, 'Chicken Breast', 34, 'Type of Bread :Pita, Amba, Hummus, Eggplant in mayonnaise, Beetroot salad, Spicy Eggplant'),
(417, 318, NULL, 1, 'Chicken Breast', 34, 'Type of Bread :Pita, Amba, Hummus, Eggplant in mayonnaise, Turkish salad, Fried Eggplant'),
(418, 319, NULL, 2, 'Chicken Breast', 34, 'Type of Bread :Pita, Amba, Hummus, Eggplant in mayonnaise, Beetroot salad, Spicy Eggplant'),
(419, 319, NULL, 2, 'Chicken Breast', 34, 'Type of Bread :Pita, Amba, Hummus, Eggplant in mayonnaise, Turkish salad, Fried Eggplant'),
(420, 319, NULL, 2, 'Grill burger family size', 275, 'Hot mushrooms (+141.12), Sweet Chili, Hummus, Sprite 1.5 litre'),
(421, 319, NULL, 2, 'Grill burger family size', 353, 'Goose breast (+181.44), Spicy Chilli, Soda 1.5 litre'),
(422, 319, NULL, 2, 'Chicken Breast', 151, 'Can - Zero, Fried egg (+51.84), Spicy Pepers (+51.84), Amba, Techina'),
(423, 320, NULL, 1, 'Chicken Breast', 34, 'Type of Bread :Pita, Amba, Hummus, Eggplant in mayonnaise, Beetroot salad, Spicy Eggplant'),
(424, 320, NULL, 1, 'Chicken Breast', 34, 'Type of Bread :Pita, Amba, Hummus, Eggplant in mayonnaise, Turkish salad, Fried Eggplant'),
(425, 320, NULL, 1, 'Chicken Breast', 43, 'Type of Bread :Tray, Spicy Chilli, Purple cabbage, Hot Mushrooms'),
(426, 320, NULL, 1, 'Two Entrecote Skewers', 43, 'Type of Bread :Pita, Amba, Techina, Spicy Schug, Sweet Chili, Spicy Chilli, mayonnaise, Ketchup, Hummus, Raw Onion, Fried Hot Pepper'),
(427, 321, NULL, 1, 'Chicken Breast', 34, 'Type of Bread :Pita, Amba, Hummus, Eggplant in mayonnaise, Beetroot salad, Spicy Eggplant'),
(428, 321, NULL, 1, 'Chicken Breast', 34, 'Type of Bread :Pita, Amba, Hummus, Eggplant in mayonnaise, Turkish salad, Fried Eggplant'),
(429, 321, NULL, 1, 'Schnitzel', 34, 'Type of Bread :Laffa, Amba, Techina, Spicy Schug, mayonnaise, Ketchup, Hummus, Matbuha, Hot Mushrooms'),
(430, 322, NULL, 1, 'Yair Salad', 41, 'Regular bread'),
(431, 322, NULL, 1, 'Coke Zero', 12, ''),
(432, 322, NULL, 1, 'Sprite', 12, ''),
(433, 323, NULL, 1, 'One Chicken Heart Skewer', 29, 'Type of Bread :Baguette, Amba, Techina, Spicy Schug, Sweet Chili, Spicy Chilli, mayonnaise, Ketchup, Hummus, Parsley, Potato Chips'),
(434, 323, NULL, 4, 'White Tishbi Wine', 72, ''),
(435, 324, NULL, 1, '#101 Taki Maki', 21, ''),
(436, 324, NULL, 1, '#103 Spicy Saki Maki', 21, ''),
(437, 324, NULL, 1, ' Soda water', 8, ''),
(438, 325, NULL, 3, 'Xl Pie', 65, ''),
(439, 325, NULL, 3, 'Xl + Toppings', 75, ''),
(440, 325, NULL, 2, 'Margarita', 28, ''),
(441, 325, NULL, 2, 'Gluten Free', 35, ''),
(442, 325, NULL, 1, 'Deluxe Bureka', 18, ''),
(443, 325, NULL, 1, 'Cheese Bureka', 10, ''),
(444, 325, NULL, 20, 'Potato Bureka', 10, ''),
(445, 326, NULL, 1, 'Chicken Breast', 43, 'Type of Bread :Tray, Spicy Schug, Hummus, Potato Chips, Matbuha, Tabule'),
(446, 327, NULL, 2, 'Family sized pizza', 55, 'Green olives (+5), black olives (+5), onion (+5), extra cheese (+5), sweetcorn (+5), fresh mushrooms (+5), pineapple (+5)'),
(447, 327, NULL, 1, 'Malawach', 15, ''),
(448, 327, NULL, 1, 'Zero 1.5 litre', 12, ''),
(449, 328, NULL, 1, 'Dairy Toast (Bagel)', 28, 'Bulgarian Cheese, Garlic Dill Cream Cheese, Corn, Sweet Chili Sauce'),
(450, 328, NULL, 3, 'Meat Toast', 32, 'Regular/Extra meat:Extra Meat, Whole Wheat, Sweet Chilli, Italian Milano (Salami), Onion'),
(451, 329, NULL, 1, 'Assorted Pastries', 16, 'Cinnamon Pastry'),
(452, 329, NULL, 1, 'Muesli', 32, ''),
(453, 329, NULL, 1, 'Mini Pancakes', 36, ''),
(454, 329, NULL, 3, 'House Shakshuka', 45, ''),
(455, 330, NULL, 1, 'Dim Sum with meat', 29, ''),
(456, 330, NULL, 1, 'Chicken in tempura', 33, ''),
(457, 330, NULL, 1, 'Nigiri Tamago', 19, 'Soya, Teriyaki'),
(458, 330, NULL, 2, 'Taka Tamaki', 25, 'Soya, Teriyaki, Spicy Mayonnaise, Ginger, Wasabi'),
(459, 331, NULL, 1, 'Halloumi Cheese salad', 35, ''),
(460, 332, NULL, 3, 'Chicken Breast', 34, 'Type of Bread :Pita, Amba, Hummus, Eggplant in mayonnaise, Beetroot salad, Spicy Eggplant'),
(461, 332, NULL, 1, 'Chicken Breast', 34, 'Type of Bread :Pita, Amba, Hummus, Eggplant in mayonnaise, Turkish salad, Fried Eggplant'),
(462, 333, NULL, 1, 'Assorted Pastries', 16, 'Butter Pastry'),
(463, 333, NULL, 1, 'Assorted Pastries', 16, 'Slice of Crunch Cake'),
(464, 334, NULL, 6, 'Shawarma', 35, 'Bread Type:Baguette, Spring Chicken, French Fries, Fried Onions, Roasted Peppers, Techina, Chummus, Amba, Spicy, Babaghanoush'),
(465, 335, NULL, 1, 'Tuna Salad', 54, 'Challah roll'),
(466, 335, NULL, 1, 'Bulgarian Cheese and Champagne Mushroom Salad', 57, 'Challah roll'),
(467, 335, NULL, 1, 'Yair Salad', 41, 'Gluten free ciabatta'),
(468, 335, NULL, 1, 'Penne Pizza', 45, ''),
(469, 335, NULL, 1, 'Fettuccini', 47, ''),
(470, 335, NULL, 1, 'Sweet Potato Ravioli ', 53, 'Mushroom Cream Sauce'),
(471, 335, NULL, 1, 'Sweet Potato Ravioli ', 53, 'Rose Sauce'),
(472, 335, NULL, 1, 'Cheese Ravioli', 53, ''),
(473, 335, NULL, 1, 'Mushroom Tortellini', 58, ''),
(474, 335, NULL, 1, 'Pizza', 42, 'Regular, Green Olives'),
(475, 335, NULL, 1, 'Mushroom Tortellini', 58, ''),
(476, 335, NULL, 1, 'Pizza', 42, 'Regular, Mushrooms'),
(477, 335, NULL, 1, 'Pizza', 42, 'Regular, Roasted Pepper'),
(478, 335, NULL, 1, 'Cannelloni', 57, ''),
(479, 335, NULL, 1, 'Spinach Ricotta Ravioli ', 58, ''),
(480, 335, NULL, 1, 'Pizza Bianca', 52, 'Gluten Free (Baked in a gluten environment)'),
(481, 335, NULL, 1, 'Omelette', 40, 'Challah roll, Israeli salad'),
(482, 335, NULL, 1, 'Tuna', 43, 'Challah roll, Quinoa salad'),
(483, 335, NULL, 1, 'Smoked Salmon', 52, 'Rustic ciabatta, Quinoa salad'),
(484, 335, NULL, 1, 'American Bagel', 49, 'Gluten free ciabatta, Israeli salad'),
(485, 335, NULL, 1, 'Champignon Mushroom Tortilla', 45, 'Green salad, Rustic ciabatta'),
(486, 335, NULL, 1, 'Champignon Mushroom Tortilla', 45, 'Israeli salad, Rustic ciabatta'),
(487, 335, NULL, 1, 'Balkan', 47, ''),
(488, 335, NULL, 1, 'Egg Salad', 43, ''),
(489, 335, NULL, 1, 'Haloumi Sandwich', 50, 'Israeli salad'),
(490, 335, NULL, 1, 'Fanta', 12, ''),
(491, 335, NULL, 1, 'Coca Cola', 12, ''),
(492, 335, NULL, 1, 'Diet Coke', 12, ''),
(493, 335, NULL, 1, 'Coke Zero', 12, ''),
(494, 335, NULL, 1, 'Coca Cola', 12, ''),
(495, 335, NULL, 1, 'Perrier', 12, ''),
(496, 335, NULL, 1, 'Neviot Mineral Water', 12, ''),
(497, 335, NULL, 3, 'Nams', 34, ''),
(498, 336, NULL, 1, 'Chicken Breast', 34, 'Type of Bread :Pita, Amba, Hummus, Eggplant in mayonnaise, Beetroot salad, Spicy Eggplant'),
(499, 336, NULL, 1, 'Chicken Breast', 34, 'Type of Bread :Pita, Amba, Hummus, Eggplant in mayonnaise, Turkish salad, Fried Eggplant'),
(500, 337, NULL, 1, 'Beef Kabab', 41, 'Bread Type:Plate, Spring Chicken, Fried Onions, Amba'),
(501, 337, NULL, 1, 'Beef Kabab', 35, 'Bread Type:Baguette, Mix, Tomatoes, Amba'),
(502, 338, NULL, 5, 'Oreo', 15, ''),
(503, 338, NULL, 102, 'Tobico products are vegetable', 0, ''),
(504, 339, NULL, 1, 'Chicken Breast', 34, 'Type of Bread :Pita, Amba, Hummus, Eggplant in mayonnaise, Beetroot salad, Spicy Eggplant'),
(505, 339, NULL, 1, 'Chicken Breast', 34, 'Type of Bread :Pita, Amba, Hummus, Eggplant in mayonnaise, Turkish salad, Fried Eggplant'),
(506, 339, NULL, 1, 'One Entrecote Skewer', 38, 'Type of Bread :Laffa, Spicy Schug, Sweet Chili, Purple cabbage, Hot Mushrooms'),
(507, 340, NULL, 1, 'Xl Pie', 65, ''),
(508, 341, NULL, 1, 'Shawarma', 30, 'Bread Type:Pita, Spring Chicken, Fried Onions, Chummus'),
(509, 342, NULL, 1, 'Assorted Pastries', 16, 'Chocolate Pastry'),
(510, 342, NULL, 1, 'House Shakshuka', 45, ''),
(511, 343, NULL, 1, 'Spinach Patties', 39, ''),
(512, 343, NULL, 1, 'Druze Salad', 45, ''),
(513, 344, NULL, 1, 'Belgian Waffles ', 32, 'Passionfruit Sorbet (parve) , Vanilla Mekupelet, Pure Date Honey'),
(514, 345, NULL, 1, 'Assorted Pastries', 16, 'Cinnamon Pastry'),
(515, 346, NULL, 5, 'Assorted Pastries', 16, 'Chocolate Pastry'),
(516, 347, NULL, 5, 'Assorted Pastries', 16, 'Chocolate Pastry'),
(517, 348, NULL, 1, 'Xl Pie', 70, 'Corn (+5)'),
(518, 349, NULL, 1, 'Xl Pie', 70, 'Corn (+5)'),
(519, 350, NULL, 1, 'Xl Pie', 75, 'Onions (+5), Mushrooms (+5)'),
(520, 350, NULL, 1, 'Xl + Toppings', 75, 'Olives, Tomatoes'),
(521, 350, NULL, 1, 'Coca Cola', 10, ''),
(522, 351, NULL, 1, 'Xl Pie', 70, 'Corn (+5)'),
(523, 352, NULL, 1, 'Assorted Pastries', 16, 'Sweet Cheese Pastry '),
(524, 353, NULL, 1, 'Falafel Shakshuka', 48, ''),
(525, 353, NULL, 1, 'Mini Pancakes', 36, ''),
(526, 354, NULL, 1, 'Salmon bagel', 39, ''),
(527, 354, NULL, 1, 'Omelet sandwich', 29, ''),
(528, 354, NULL, 1, 'Lasagna Cheese and eggplant', 37, ''),
(529, 355, NULL, 1, 'House Shakshuka', 45, '');

-- --------------------------------------------------------

--
-- Table structure for table `b2b_refund`
--

CREATE TABLE IF NOT EXISTS `b2b_refund` (
  `id` int(11) NOT NULL AUTO_INCREMENT,
  `order_id` int(11) NOT NULL,
  `amount` int(11) NOT NULL,
  PRIMARY KEY (`id`)
) ENGINE=InnoDB DEFAULT CHARSET=latin1 AUTO_INCREMENT=1 ;

-- --------------------------------------------------------

--
-- Table structure for table `b2b_rest_discounts`
--

CREATE TABLE IF NOT EXISTS `b2b_rest_discounts` (
  `id` int(11) NOT NULL AUTO_INCREMENT,
  `company_id` int(11) NOT NULL,
  `rest_id` int(11) NOT NULL,
  `discount_percent` int(11) NOT NULL,
  PRIMARY KEY (`id`)
) ENGINE=InnoDB  DEFAULT CHARSET=utf8 AUTO_INCREMENT=114 ;

--
-- Dumping data for table `b2b_rest_discounts`
--

INSERT INTO `b2b_rest_discounts` (`id`, `company_id`, `rest_id`, `discount_percent`) VALUES
(45, 2, 100031, 3),
(48, 25, 12, 5),
(49, 25, 16, 5),
(50, 25, 1, 4),
(51, 25, 18, 2),
(52, 25, 7, 5),
(53, 25, 41, 2),
(54, 25, 17, 5),
(55, 25, 26, 2),
(56, 25, 5, 4),
(57, 25, 20, 5),
(58, 25, 25, 4),
(59, 25, 2, 2),
(60, 25, 40, 2),
(61, 25, 13, 2),
(62, 25, 22, 5),
(63, 25, 14, 2),
(64, 25, 21, 2),
(65, 25, 4, 2),
(66, 25, 23, 3),
(67, 25, 37, 2),
(68, 25, 19, 2),
(69, 25, 3, 2),
(70, 25, 15, 3),
(71, 10, 20, 2),
(72, 10, 25, 2),
(73, 10, 13, 2),
(74, 10, 22, 2),
(75, 10, 4, 2),
(76, 10, 23, 2),
(77, 10, 12, 2),
(78, 10, 16, 2),
(79, 10, 1, 2),
(80, 10, 18, 2),
(81, 10, 7, 9),
(82, 10, 17, 2),
(83, 10, 26, 2),
(84, 10, 5, 2),
(85, 22, 20, 2),
(86, 22, 25, 2),
(88, 22, 13, 2),
(89, 22, 22, 2),
(91, 22, 4, 2),
(92, 22, 23, 2),
(93, 22, 12, 2),
(94, 22, 16, 2),
(95, 22, 1, 2),
(96, 22, 18, 2),
(97, 22, 7, 6),
(98, 22, 17, 2),
(99, 22, 26, 2),
(100, 22, 5, 3),
(102, 2, 3, 10),
(103, 19, 1, 12),
(104, 6, 2, 10),
(106, 2, 5, 6),
(107, 2, 7, 8),
(108, 2, 8, 4),
(109, 20, 1, 5),
(110, 20, 8, 10),
(111, 20, 17, 10),
(112, 34, 1, 0);

-- --------------------------------------------------------

--
-- Table structure for table `b2b_users`
--

CREATE TABLE IF NOT EXISTS `b2b_users` (
  `id` int(16) NOT NULL AUTO_INCREMENT,
  `smooch_id` varchar(255) DEFAULT NULL,
  `name` varchar(255) DEFAULT NULL,
  `user_name` varchar(255) NOT NULL,
  `password` varchar(255) NOT NULL,
  `discount` int(11) NOT NULL,
  `date` date NOT NULL,
  `contact` varchar(255) DEFAULT NULL,
  `address` varchar(255) DEFAULT NULL,
  `language` varchar(255) NOT NULL DEFAULT 'english',
  `company_id` int(11) DEFAULT NULL,
  `voucherify_id` varchar(255) NOT NULL,
  PRIMARY KEY (`id`),
  KEY `company_id` (`company_id`)
) ENGINE=InnoDB  DEFAULT CHARSET=utf8 AUTO_INCREMENT=170 ;

--
-- Dumping data for table `b2b_users`
--

INSERT INTO `b2b_users` (`id`, `smooch_id`, `name`, `user_name`, `password`, `discount`, `date`, `contact`, `address`, `language`, `company_id`, `voucherify_id`) VALUES
(1, 'muhammad.iftikhar.aftab@gmail.com', 'TEST', 'test', 'test', 1010, '2017-07-10', '0000000000', 'Gujranwala', 'english', 2, 'cust_dv4gvMSGBo8oTtjFAs7hfn8j'),
(3, 'test@orderapp.com', 'TEST', 'avi', 'avi1', 0, '2017-07-20', '00000000', 'abcd ISRAEL', 'english', 2, 'cust_nToNfzfrj9IrM0jisivgRoYW'),
(4, 'mark@pushstartups.com', 'mark', 'mark', 'mark', 1000, '2017-07-05', '0585521961\n', '2 hahar street, har tuv industrial zone', 'english', 20, ''),
(5, 'rael@pushstartups.com', 'Rael', 'rael', 'rael1', 0, '2017-07-19', '0548307445\n', '2 hahar street, har tuv industrial zone', 'english', 20, 'cust_r0jnsPoKTjnZRyStlByW9NaG'),
(7, 'oded@orderapp.com', 'Oded', 'oded', 'oded', 8, '0000-00-00', '0', '2 hahr', 'english', 7, '0'),
(8, 'karen@goldrockcap.com ', 'Karen Aizensthtat', 'karen@goldrockcap.com', 'Karen1981', 1000, '0000-00-00', '546313570', '16 Hatasiya', 'english', 8, '0'),
(9, 'Michelle@pstein.com', ' Michelle Frankel', 'Michelle@pstein.com', 'frank_321', 1000, '0000-00-00', '058-7707921', 'Yitchak Rabin 13', 'english', 9, '0'),
(10, 'Lavibraces@gmail.com', 'Blumi ', 'Lavibraces@gmail.com', 'Smile613', 571, '2017-06-12', '527685627', '1 Tamar, Ramat Beit Shemesh', 'english', 10, '0'),
(11, 'Miri.pozner@dosentrx.com', 'Miri Pozner ', 'Miri.pozner@dosentrx.com', 'dosentrx123', 1000, '0000-00-00', '527349883', '2 Hahar', 'english', 11, '0'),
(12, 'Ram@sperolaw.com', 'Rochelle Ram', 'Ram@sperolaw.com', 'spero123', 1000, '0000-00-00', '542026959', '10 Hatasiya', 'english', 12, '0'),
(66, 'ahmadworkspace@gmail.com', 'ahmad', 'ahmad', 'ahmad', 114, '2017-07-19', '00000000', NULL, 'english', 2, ''),
(68, 'Ruthw@orr-shalom.co.il', 'Ruthw@orr-shalom.co.il', 'ruthw@orr-shalom.co.il', 'Ruthw@orr-shalom.co.il9325', 0, '2017-06-20', '029936900', '2 hahar street, har tuv industrial zone', 'english', 21, ''),
(69, 'AlanaS@Orr-Shalom.co.il', 'AlanaS@Orr-Shalom.co.il', 'alanas@orr-shalom.co.il', 'alanas@orr-shalom.co.il9325', 0, '2017-06-14', '029936900', '2 hahar street, har tuv industrial zone', 'english', 21, ''),
(70, 'IditC@Orr-Shalom.co.il', 'IditC@Orr-Shalom.co.il', 'iditc@orr-shalom.co.il', 'IditC@Orr-Shalom.co.il5102', 0, '2017-06-14', '029936900', '2 hahar street, har tuv industrial zone', 'english', 21, ''),
(71, 'ayeletb@orr-shalom.co.il', 'ayeletb@orr-shalom.co.il', 'ayeletb@orr-shalom.co.il', 'ayeletb@orr-shalom.co.il4049', 0, '2017-06-08', '029936900', '2 hahar street, har tuv industrial zone', 'english', 21, ''),
(72, 'Tamark@Orr-Shalom.co.il', 'Tamark@Orr-Shalom.co.il', 'tamark@orr-shalom.co.il', 'Tamark@Orr-Shalom.co.il4546', 0, '2017-06-07', '029936900', '2 hahar street, har tuv industrial zone', 'english', 21, ''),
(73, 'debbief@Orr-Shalom.co.il', 'debbief@Orr-Shalom.co.il', 'debbief@orr-shalom.co.il', 'debbief@Orr-Shalom.co.il4058', 0, '2017-06-08', '029936900', '2 hahar street, har tuv industrial zone', 'english', 21, ''),
(74, 'shaypopltd@gmail.com', 'shaypopltd@gmail.com', 'shaypopltd@gmail.com', 'shaypop123', 1000, '2017-06-13', '505725115', '15 Hatasiya, Har Tuv industrial zone', 'english', 22, '0'),
(75, 'rael5@orderapp.com', 'rael5@orderapp.com', 'rael5@orderapp.com', 'rael5@orderapp.com7598', 956, '2017-05-29', '0', '15 Hatasiya, Har Tuv industrial zone', 'english', 22, '0'),
(76, 'Aaron@sellsidemedia.com', 'Aaron@sellsidemedia.com', 'aaron@sellsidemedia.com', 'Aaron@sellsidemedia.com1664', 500, '2017-06-15', '505114481', 'Naaimi, Building A, Derech Yitshak Rabin 2, Beit Shemesh', 'english', 23, '0'),
(77, 'josh@pushstartups.com', 'Josh', 'josh', 'Josh2649', 100, '2017-05-29', '0', 'Home', 'english', 24, '0'),
(78, 'josh@pushstartups.com', 'Josh', 'josh', 'Josh7346', 60, '2017-05-29', '0', 'Home', 'english', 6, '0'),
(97, 'gideon@lgmpharma.com', 'Gideon', 'gideon', 'Gideon2550', 0, '2017-06-20', '054-4326038', 'HaMelacha St 15, Bet Shemesh , Industrial Park Har Tuv A', 'english', 25, '0'),
(98, 'selwyn@lgmpharma.com', 'Selwyn', 'selwyn', 'Selwyn1023', 35, '2017-06-20', '054-6777507', 'HaMelacha St 15, Bet Shemesh , Industrial Park Har Tuv A', 'english', 25, '0'),
(99, 'aliza@lgmpharma.com', 'Aliza', 'aliza', 'Aliza3691', 35, '2017-07-03', '050-2057461', 'HaMelacha St 15, Bet Shemesh , Industrial Park Har Tuv A', 'english', 25, '0'),
(100, 'gilly@lgmpharma.com', 'Gilly', 'gilly', 'Gilly1599', 35, '2017-06-01', '054-5517019', 'HaMelacha St 15, Bet Shemesh , Industrial Park Har Tuv A', 'english', 25, '0'),
(101, 'ellen@lgmpharma.com', 'Ellen', 'ellen', 'Ellen4303', 35, '2017-06-01', '050-4760395', 'HaMelacha St 15, Bet Shemesh , Industrial Park Har Tuv A', 'english', 25, '0'),
(102, 'michelle@lgmpharma.com', 'Michelle', 'michelle', 'Michelle305', 1, '2017-07-06', '054-7256998', 'HaMelacha St 15, Bet Shemesh , Industrial Park Har Tuv A', 'english', 25, '0'),
(103, 'sharona@lgmpharma.com', 'Sharona', 'sharona', 'Sharona7285', 35, '2017-07-05', '054-6290777', 'HaMelacha St 15, Bet Shemesh , Industrial Park Har Tuv A', 'english', 25, '0'),
(104, 'marsha@lgmpharma.com', 'Marsha', 'marsha', 'Marsha477', 35, '2017-06-28', '054-8085151', 'HaMelacha St 15, Bet Shemesh , Industrial Park Har Tuv A', 'english', 25, '0'),
(105, 'miriam@lgmpharma.com', 'Miriam', 'miriam', 'Miriam6254', 0, '2017-07-06', '054-5865112', 'HaMelacha St 15, Bet Shemesh , Industrial Park Har Tuv A', 'english', 25, '0'),
(106, 'judy@lgmpharma.com', 'Judy', 'judy', 'Judy1943', 0, '2017-07-06', '050-8118260', 'HaMelacha St 15, Bet Shemesh , Industrial Park Har Tuv A', 'english', 25, 'cust_77jjyCgbH2pj7Uv4xbhif8Mo'),
(107, 'dikla@yespharma.com', 'Dikla', 'dikla', 'Dikla8495', 10, '2017-07-06', '054-6313028', 'HaMelacha St 15, Bet Shemesh , Industrial Park Har Tuv A', 'english', 25, '0'),
(108, 'lisa@yespharma.com', 'Lisa', 'lisa', 'Lisa4780', 35, '2017-07-04', '050-3779104', 'HaMelacha St 15, Bet Shemesh , Industrial Park Har Tuv A', 'english', 25, '0'),
(109, 'sarah@lgmpharma.com', 'Sarah', 'sarah', 'Sarah557', 0, '2017-07-02', '054-5262023', 'HaMelacha St 15, Bet Shemesh , Industrial Park Har Tuv A', 'english', 25, '0'),
(110, 'tova@lgmpharma.com', 'Tova', 'tova', 'Tova6867', 1, '2017-07-06', '054-7954026', 'HaMelacha St 15, Bet Shemesh , Industrial Park Har Tuv A', 'english', 25, '0'),
(111, 'marina@lgmpharma.com', 'Marina', 'marina', 'Marina4508', 35, '2017-07-03', '054-5717410', 'HaMelacha St 15, Bet Shemesh , Industrial Park Har Tuv A', 'english', 25, '0'),
(112, 'Tzivia@lgmpharma.com', 'Tzivia', 'tzivia', 'Tzivia2305', 35, '2017-06-04', '052-4000171', 'HaMelacha St 15, Bet Shemesh , Industrial Park Har Tuv A', 'english', 25, '0'),
(115, 'rachelle@pushstartups.com', 'Rachelle', 'rachelle', 'Rachelle2558', 958, '2017-07-06', '0545996761\n', '2 hahar street, har tuv industrial zone', 'english', 20, 'cust_GXmFArYOUk4gPiC12RJziBTV'),
(117, 'mark@pushstartups.com', 'mark', 'mark', 'mark1133', 1000, '2017-07-05', '0', '2 hahar street, har tuv industrial zone', 'english', 20, '0'),
(118, 'Aaron@pushstartups.com', 'Aaron', 'aaron', 'Aaron9127', 964, '2017-07-06', '0507665524\n', '2 hahar street, har tuv industrial zone', 'english', 20, '0'),
(119, 'dvora@pushstartups.com', 'Dvora', 'dvora', 'Dvora8697', 981, '2017-06-28', '0543047266\n', '2 hahar street, har tuv industrial zone', 'english', 20, '0'),
(120, 'oded@orderapp.com', 'Oded', 'oded', 'Oded3296', 100, '2017-06-04', '0534305115\n', '2 hahar street, har tuv industrial zone', 'english', 20, '0'),
(121, 'etana@orderapp.com', 'Etana', 'etana', 'Etana8261', 1000, '2017-06-29', '0586288568', '2 hahar street, har tuv industrial zone', 'english', 20, '0'),
(122, 'zev@zdhconsulting.com ', 'Zev', 'zev', 'Zev8937', 60, '2017-06-04', '0586288567\n', '2 hahar street, har tuv industrial zone', 'english', 20, '0'),
(123, 'noam@pushstartups.com', 'Noam', 'noam', 'Noam8346', 1000, '2017-06-11', '0525133739\n', '2 hahar street, har tuv industrial zone', 'english', 20, '0'),
(124, 'brina@orderapp.com', 'Brina', 'brina', 'Brina1518', 912, '2017-06-15', '0539342232', '2 hahar street, har tuv industrial zone', 'english', 20, '0'),
(161, 'eden@itcentralstation.com', 'eden@itcentralstation.com', 'eden@itcentralstation.com', 'eden@itcentralstation.com5783', 0, '2017-06-25', '972 52-472-7579', '8 Haoreg Street (1st floor) Modiin', 'english', 32, '0'),
(162, 'avi6@orderapp.com', 'avi6@orderapp.com', 'eden@itcentralstation.com1', 'eden@itcentralstation.com57832', 813, '2017-06-20', '972 52-472-7579', '8 Haoreg Street (1st floor) Modiin', 'english', 20, '0');

-- --------------------------------------------------------

--
-- Table structure for table `company`
--

CREATE TABLE IF NOT EXISTS `company` (
  `id` int(11) NOT NULL AUTO_INCREMENT,
  `name` varchar(100) NOT NULL,
  `delivery_address` varchar(255) NOT NULL,
  `discount` int(11) NOT NULL,
  `discount_type` varchar(255) NOT NULL DEFAULT 'daily',
  `team_size` int(11) NOT NULL,
  `contact_name` text NOT NULL,
  `contact_number` varchar(255) NOT NULL,
  `contact_email` varchar(225) NOT NULL,
  `ledger_link` varchar(255) NOT NULL,
  `voting` int(11) NOT NULL,
  `winner_limit` int(11) NOT NULL DEFAULT '1',
  `last_voting_id` int(11) NOT NULL DEFAULT '-1',
  `last_voting_date` date NOT NULL,
  `hide_payment` int(11) NOT NULL DEFAULT '0',
  `min_order` int(11) NOT NULL DEFAULT '0',
  `lat` text,
  `lng` text,
  `email` text,
  `password` text,
  `limit_of_restaurants` int(11) DEFAULT NULL,
  `registered_company_number` varchar(255) NOT NULL,
  `notes` text,
  PRIMARY KEY (`id`)
) ENGINE=InnoDB  DEFAULT CHARSET=latin1 AUTO_INCREMENT=46 ;

--
-- Dumping data for table `company`
--

INSERT INTO `company` (`id`, `name`, `delivery_address`, `discount`, `discount_type`, `team_size`, `contact_name`, `contact_number`, `contact_email`, `ledger_link`, `voting`, `winner_limit`, `last_voting_id`, `last_voting_date`, `hide_payment`, `min_order`, `lat`, `lng`, `email`, `password`, `limit_of_restaurants`, `registered_company_number`, `notes`) VALUES
(2, 'test company', 'Islamic Art Museum/HaNassi, Jerusalem, Israel', 30, 'monthly', 0, 'Test', '900078601', 'contact@gmail.com', 'google.om', 1, 1, 1, '2017-06-18', 0, 0, '31.768983', '35.213202000000024', 'ahmadworkspace@gmail.com', 'test1234', 65, '4444', 'erer'),
(3, 'company 2', 'Bet Shemesh, Israel', 20, 'daily', 0, '000000000000', '0', 'test@orderapp.com', 'xy.com', 0, 1, -1, '0000-00-00', 0, 0, '31.747041', '34.988099000000034', 'test@orderapp.com', '12345qwert', 5, '121212', ' '),
(6, 'Rael', 'rael test', 60, 'daily', 0, '', '0', '', '', 0, 1, 6, '2017-04-09', 0, 0, NULL, NULL, NULL, NULL, NULL, '0', ''),
(7, 'ODED', '2 hahar', 1000, 'monthly', 0, '', '0', '', '', 0, 1, 6, '0000-00-00', 0, 0, NULL, NULL, NULL, NULL, NULL, '0', ''),
(8, 'Goldrock Capital', '16 Hatasiya ', 1000, 'monthly', 0, '', '0', '', '', 0, 1, -1, '0000-00-00', 0, 0, '31.773253', '34.995389', NULL, NULL, NULL, '0', ''),
(9, 'Philip Stein', 'Yitchak Rabin 13', 1000, 'monthly', 0, '', '0', '', '', 0, 1, -1, '0000-00-00', 0, 0, '31.747545', ' 34.993514', NULL, NULL, NULL, '0', ''),
(10, 'Lavi Braces', '1 Tamar, Ramat Beit Shemesh', 1000, 'monthly', 0, '', '0', '', '', 0, 1, -1, '0000-00-00', 0, 0, '31.709416', '34.994551', NULL, NULL, NULL, '0', ''),
(11, 'Dosentrx', '2 Hahar', 1000, 'monthly', 0, '', '0', '', '', 0, 1, -1, '0000-00-00', 0, 0, NULL, NULL, NULL, NULL, NULL, '0', ''),
(12, 'Spero Law', '10 Hatasiya', 1000, 'monthly', 0, '', '0', '', '', 0, 1, -1, '0000-00-00', 0, 0, NULL, NULL, NULL, NULL, NULL, '0', ''),
(14, 'High Born', 'Islamic Art Museum/HaNassi, Jerusalem, Israel', 100, 'daily', 6, 'asas', '12588', 'ahmadworksp', 'http://google.com', 0, 1, -1, '0000-00-00', 0, 50, '31.768983', '35.213202000000024', 'ahmadworkspace@gmail.com', '12121212', 3, '14145888', 'wewe'),
(15, 'Testing Grounds', 'Testing Grounds, City Road, Southbank, Victoria, Australia', 100, 'daily', 0, '', '0', '', '', 0, 1, -1, '0000-00-00', 0, 0, NULL, NULL, NULL, NULL, NULL, '0', ''),
(16, 'Telangana', 'Telangana, India', 100, 'daily', 0, '', '0', '', '', 0, 1, -1, '0000-00-00', 0, 0, NULL, NULL, NULL, NULL, NULL, '0', ''),
(17, 'raels test comp', 'HaHar Street 2, Judean Foothills, Israel', 100, 'daily', 0, 'markgafs', '0', 'test@pushs.com', 'gg.com', 0, 1, -1, '0000-00-00', 0, 0, '31.772437', '34.995424', 'pi@push.com', 'ccv12', 7, '0', ''),
(18, 'ahmad khalid', 'Family Medical Center- Wolfson, Jerusalem, Israel', 100, 'daily', 0, 'fvdfv', '0', 'fdv@v.ocm', 'ggol.com', 0, 1, -1, '0000-00-00', 0, 0, '31.77635859999999', '35.209835800000064', 'sds@sc.omc', 'sdcdsc', 7, '0', 'dcsdsvfvfv'),
(19, 'Asad', 'Sderot Ben Maimon, Jerusalem, Israel', 100, 'daily', 0, 'ferrfe', '0434', 'erf@scd.cssd', 'sd.csd', 0, 1, -1, '0000-00-00', 0, 0, '31.7738469', '35.214414300000044', 'sdcs@csd.cds', 'wdwd', 34, '0', ''),
(20, 'Pushstartups', 'HaHar Street 2, Judean Foothills, Israel', 60, 'daily', 0, 'Pushstartup', '0', 'rachelle@pushstartups.com', 'https://docs.google.com/a/pushstartups.com/spreadsheets/d/1fJ4ynVKjnsJI2jENdw_dlzL2XGDPM5dV_NI0QQvGX9o/edit?usp=drive_web', 0, 1, 7, '2017-06-04', 0, 0, '31.77237519999999', '34.995307300000036', 'pushstartupsb2b@orderapp.com', 'push1234', 17, '0', ''),
(21, 'Orr Shalom', '2 hahar street, har tuv industrial zone', 0, 'daily', 0, '', '0', '', '', 0, 1, -1, '0000-00-00', 0, 0, '31.766016', '34.989516', NULL, NULL, NULL, '0', ''),
(22, 'Shay Pop Ltd', '15 Hatasiya, Har Tuv Industrial Zone', 1000, 'daily', 0, '', '0', '', '', 0, 1, -1, '0000-00-00', 0, 0, '31.773792', '34.995005', NULL, NULL, NULL, '0', ''),
(23, 'SellSide', 'Naami Mall, Building A, Derech Yitshak Rabin 2, Beit Shemesh, 3rd Floor', 500, 'daily', 0, '', '0', '', '', 0, 1, -1, '0000-00-00', 0, 0, '31.747998', ' 34.994474', NULL, NULL, NULL, '0', ''),
(24, 'Josh', '123 Josh Ave', 100, 'daily', 0, '', '0', '', '', 0, 1, -1, '0000-00-00', 0, 0, NULL, NULL, NULL, NULL, NULL, '0', ''),
(25, 'YES Pharma LGM Pharma', 'HaMelacha Street 15, Bet Shemesh, Israel', 35, 'daily', 16, 'Dikla', '546313028', 'dikla@yespharma.com', 'https://docs.google.com/spreadsheets/d/1bZT1em-xs3iKUQth85Qdqvp6Gsd7sfL0IPQ7m0NnltQ/edit#gid=0', 0, 1, -1, '0000-00-00', 0, 0, '31.7750311', '34.99790929999995', 'dikla@yespharma.com', 'yes12345', 4, '0', ''),
(30, 'new company testing', 'jfkml', 5156, 'daily', 0, '', '0', '', '', 0, 1, -1, '0000-00-00', 0, 56, NULL, NULL, NULL, NULL, NULL, '0', ''),
(31, 'this is testing company', 'delivery', 53, 'daily', 0, '', '0', '', '', 0, 1, -1, '0000-00-00', 0, 515, NULL, NULL, NULL, NULL, NULL, '0', ''),
(32, 'IT Central Station', '8 Haoreg Street (1st floor)', 0, 'daily', 0, '', '0', '', '', 0, 1, -1, '0000-00-00', 0, 0, '31.606300', '34.773057', NULL, NULL, NULL, '0', ''),
(33, 'awsde', 'Islamic Art Museum/HaNassi, Jerusalem, Israel', 12, 'daily', 0, '', '0', '', '', 0, 1, -1, '0000-00-00', 0, 12, NULL, NULL, NULL, NULL, NULL, '0', ''),
(34, 'Testing Company', 'Tel Khai Street, Jerusalem, Israel', 10, 'daily', 0, '', '0', '', '', 0, 1, -1, '0000-00-00', 0, 10, '31.7644555', '35.213513000000034', 'ahmadworkspace@gmail.com', '12341234', NULL, '0', ''),
(44, 'closing testing', 'jfvbjhfd', 7687, 'daily', 757, '875685', '87668', '8787@dbjfd.cdsh', 'skjduy.cin', 0, 1, -1, '0000-00-00', 0, 8776, '', '', 'sdkj@svn.com', 'SIUHVIU', 765, '4569854', 'IUGIUG'),
(45, 'zakuttaaa', 'Sderot Ben Maimon, Jerusalem, Israel', 345, 'daily', 345, 'fgdfg', '5345', 'fd@v.com', 'sdoij.com', 0, 1, -1, '0000-00-00', 0, 34534, '31.7738469', '35.214414300000044', 'sidh@dfv.com', 'dsi', 345, '43534', 'ijsdibiud');

-- --------------------------------------------------------

--
-- Table structure for table `company_rest`
--

CREATE TABLE IF NOT EXISTS `company_rest` (
  `id` int(11) NOT NULL AUTO_INCREMENT,
  `company_id` int(11) NOT NULL,
  `rest_id` int(11) NOT NULL,
  PRIMARY KEY (`id`),
  KEY `company_id` (`company_id`),
  KEY `rest_id` (`rest_id`)
) ENGINE=InnoDB  DEFAULT CHARSET=utf8 AUTO_INCREMENT=323 ;

--
-- Dumping data for table `company_rest`
--

INSERT INTO `company_rest` (`id`, `company_id`, `rest_id`) VALUES
(7, 6, 8),
(8, 6, 5),
(11, 6, 1),
(13, 7, 1),
(14, 7, 2),
(15, 7, 3),
(16, 7, 4),
(17, 7, 5),
(18, 7, 6),
(19, 7, 7),
(20, 7, 8),
(21, 7, 9),
(22, 7, 10),
(23, 7, 11),
(25, 7, 13),
(26, 7, 14),
(27, 8, 1),
(28, 8, 2),
(29, 8, 3),
(30, 8, 4),
(31, 8, 5),
(34, 8, 13),
(35, 8, 14),
(37, 8, 17),
(38, 8, 18),
(39, 8, 20),
(40, 9, 1),
(41, 9, 2),
(42, 9, 3),
(43, 9, 4),
(44, 9, 5),
(47, 9, 13),
(48, 9, 14),
(50, 9, 17),
(51, 9, 18),
(52, 9, 20),
(53, 10, 1),
(54, 10, 2),
(55, 10, 3),
(56, 10, 4),
(57, 10, 5),
(60, 10, 13),
(61, 10, 14),
(63, 10, 17),
(64, 10, 18),
(65, 10, 20),
(66, 11, 1),
(67, 11, 2),
(68, 11, 3),
(69, 11, 4),
(70, 11, 5),
(73, 11, 13),
(74, 11, 14),
(76, 11, 17),
(77, 11, 18),
(78, 11, 20),
(79, 12, 1),
(80, 12, 2),
(81, 12, 3),
(82, 12, 4),
(83, 12, 5),
(86, 12, 13),
(87, 12, 14),
(89, 12, 17),
(90, 12, 18),
(91, 12, 20),
(98, 19, 1),
(99, 19, 9),
(101, 20, 1),
(102, 20, 3),
(104, 21, 20),
(105, 21, 1),
(106, 21, 3),
(107, 21, 2),
(109, 21, 5),
(110, 21, 13),
(111, 21, 12),
(112, 21, 18),
(113, 21, 4),
(114, 22, 1),
(115, 22, 3),
(116, 22, 2),
(119, 22, 14),
(120, 22, 13),
(121, 22, 4),
(122, 22, 5),
(124, 22, 17),
(125, 22, 18),
(126, 22, 21),
(127, 22, 20),
(128, 23, 1),
(129, 23, 17),
(130, 23, 3),
(131, 23, 2),
(133, 23, 4),
(134, 23, 13),
(136, 23, 5),
(138, 23, 14),
(139, 23, 18),
(140, 23, 20),
(141, 24, 16),
(142, 24, 12),
(148, 25, 5),
(153, 25, 2),
(157, 20, 4),
(158, 20, 12),
(160, 20, 13),
(161, 20, 17),
(165, 23, 27),
(166, 12, 27),
(167, 22, 27),
(168, 21, 27),
(169, 11, 27),
(170, 10, 27),
(171, 9, 27),
(172, 8, 27),
(193, 32, 6),
(194, 32, 8),
(195, 32, 43),
(196, 32, 44),
(197, 32, 45),
(198, 32, 9),
(200, 32, 10),
(201, 20, 2),
(202, 20, 5),
(203, 20, 18),
(204, 20, 19),
(205, 20, 20),
(206, 20, 21),
(207, 20, 22),
(208, 20, 23),
(209, 20, 25),
(223, 18, 1),
(224, 18, 2),
(225, 18, 3),
(226, 18, 4),
(231, 2, 7),
(232, 18, 5),
(236, 18, 10),
(247, 3, 1),
(248, 3, 2),
(251, 17, 4),
(252, 17, 6),
(253, 17, 7),
(254, 17, 8),
(255, 17, 9),
(256, 17, 10),
(257, 25, 1),
(259, 2, 2),
(260, 3, 10),
(261, 3, 7),
(262, 2, 3),
(264, 2, 6),
(265, 2, 8),
(266, 2, 9),
(267, 2, 10),
(268, 2, 11),
(269, 2, 12),
(270, 2, 13),
(271, 2, 14),
(272, 2, 15),
(273, 2, 16),
(274, 2, 1),
(275, 2, 17),
(276, 2, 18),
(277, 2, 19),
(278, 2, 20),
(279, 2, 21),
(280, 2, 22),
(281, 2, 23),
(282, 2, 24),
(283, 2, 25),
(284, 2, 26),
(285, 2, 27),
(286, 2, 28),
(287, 2, 29),
(288, 2, 30),
(289, 2, 32),
(290, 2, 33),
(291, 2, 35),
(292, 2, 36),
(293, 2, 37),
(294, 2, 38),
(295, 2, 39),
(296, 2, 40),
(297, 2, 41),
(298, 2, 43),
(299, 2, 44),
(300, 2, 45),
(301, 2, 46),
(302, 2, 47),
(303, 2, 48),
(304, 2, 49),
(305, 2, 50),
(306, 2, 51),
(307, 2, 52),
(308, 2, 53),
(309, 2, 54),
(310, 2, 55),
(311, 2, 56),
(312, 2, 57),
(313, 2, 58),
(314, 2, 59),
(315, 2, 60),
(316, 2, 61),
(317, 2, 62),
(318, 2, 63),
(319, 2, 64),
(320, 2, 65),
(321, 2, 66),
(322, 25, 15);

-- --------------------------------------------------------

--
-- Table structure for table `company_timing`
--

CREATE TABLE IF NOT EXISTS `company_timing` (
  `id` int(11) NOT NULL AUTO_INCREMENT,
  `company_id` int(11) NOT NULL,
  `week_en` varchar(255) CHARACTER SET latin1 NOT NULL,
  `week_he` varchar(255) NOT NULL,
  `opening_time` varchar(255) CHARACTER SET latin1 NOT NULL,
  `closing_time` varchar(255) CHARACTER SET latin1 NOT NULL,
  `opening_time_he` varchar(255) NOT NULL,
  `closing_time_he` varchar(255) NOT NULL,
  `delivery_timing` varchar(255) NOT NULL,
  PRIMARY KEY (`id`),
  KEY `company_id` (`company_id`)
) ENGINE=InnoDB  DEFAULT CHARSET=utf8 AUTO_INCREMENT=283 ;

--
-- Dumping data for table `company_timing`
--

INSERT INTO `company_timing` (`id`, `company_id`, `week_en`, `week_he`, `opening_time`, `closing_time`, `opening_time_he`, `closing_time_he`, `delivery_timing`) VALUES
(1, 2, 'Monday', ' ', '08:00', '02:00', '08:00', '02:00', '03:00'),
(2, 2, 'Tuesday', ' ', '00:00', '23:30', '00:00', '23:30', '00:30'),
(3, 2, 'Wednesday', ' ', '10:00', '23:59', '10:00', '23:59', '20:20'),
(4, 2, 'Thursday', ' ', '00:00', '23:59', '00:00', '23:59', '14:50'),
(5, 2, 'Friday', '', '00:00', '24:00', '00:00', '24:00', '01:00'),
(6, 2, 'Saturday', '', '00:02', '16:55', '00:02', '16:55', '17:55'),
(7, 2, 'Sunday', ' ', '00:00', '24:00', '00:00', '24:00', '01:00'),
(8, 3, 'Monday', '', '00:00', '23:00', '00:00', '23:00', '00:00'),
(9, 3, 'Tuesday', '', '9:00', '21:00', '9:00', '21:00', '22:00'),
(10, 3, 'Wednesday', '', '11:00', '21:00', '11:00', '21:00', '20:00'),
(11, 3, 'Thursday', '', '11:00', '23:59', '11:00', '21:00', '22:00'),
(12, 3, 'Friday', '', '11:00', '21:00', '11:00', '21:00', '22:00'),
(13, 3, 'Saturday', '', 'Closed', 'Closed', '', '', 'Closed'),
(14, 3, 'Sunday', '', '6:00', '23:00', '6:00', '23:00', '00:00'),
(15, 6, 'Monday', '', '11:00', '21:00', '', '', '20:00'),
(16, 6, 'Tuesday', '', '11:00', '21:00', '', '', '20:00'),
(17, 6, 'Wednesday', ' ', '11:00', '21:00', '10:00', '22:00', '20:00'),
(18, 6, 'Thursday', '', '11:00', '21:00', '', '', '20:00'),
(19, 6, 'Friday', '', '11:00', '21:00', '', '', '20:00'),
(20, 6, 'Saturday', '', 'Closed', 'Closed', '', '', '20:00'),
(21, 6, 'Sunday', '', '11:00', '22:00', '', '', '20:00'),
(23, 8, 'Monday', ' ', '7:00', '19:00', '7:00', '19:00', '20:00'),
(24, 8, 'Tuesday', ' ', '7:00', '19:00', '7:00', '19:00', '20:00'),
(25, 8, 'Wednesday', ' ', '7:00', '19:00', '7:00', '19:00', '20:00'),
(26, 8, 'Thursday', ' ', '7:00', '19:00', '7:00', '19:00', '20:00'),
(27, 8, 'Friday', '', 'Closed', 'Closed', '', '', '20:00'),
(28, 8, 'Saturday', '', 'Closed', 'Closed', '', '', '20:00'),
(29, 8, 'Sunday', ' ', '7:00', '19:00', '7:00', '19:00', '20:00'),
(30, 9, 'Monday', ' ', '7:00', '19:00', '7:00', '19:00', '20:00'),
(31, 9, 'Tuesday', ' ', '7:00', '19:00', '7:00', '19:00', '20:00'),
(32, 9, 'Wednesday', ' ', '7:00', '19:00', '7:00', '19:00', '20:00'),
(33, 9, 'Thursday', ' ', '7:00', '19:00', '7:00', '19:00', '20:00'),
(34, 9, 'Friday', '', 'Closed', 'Closed', '', '', '20:00'),
(35, 9, 'Saturday', '', 'Closed', 'Closed', '', '', '20:00'),
(36, 9, 'Sunday', ' ', '7:00', '19:00', '7:00', '19:00', '20:00'),
(37, 10, 'Monday', ' ', '7:00', '19:00', '7:00', '19:00', '20:00'),
(38, 10, 'Tuesday', ' ', '7:00', '19:00', '7:00', '19:00', '20:00'),
(39, 10, 'Wednesday', ' ', '7:00', '19:00', '7:00', '19:00', '20:00'),
(40, 10, 'Thursday', ' ', '7:00', '19:00', '7:00', '19:00', '20:00'),
(41, 10, 'Friday', '', 'Closed', 'Closed', '', '', '20:00'),
(42, 10, 'Saturday', '', 'Closed', 'Closed', '', '', '20:00'),
(43, 10, 'Sunday', ' ', '7:00', '19:00', '7:00', '19:00', '20:00'),
(44, 11, 'Monday', ' ', '7:00', '19:00', '7:00', '19:00', '20:00'),
(45, 11, 'Tuesday', ' ', '7:00', '19:00', '7:00', '19:00', '20:00'),
(46, 11, 'Wednesday', ' ', '7:00', '19:00', '7:00', '19:00', '20:00'),
(47, 11, 'Thursday', ' ', '7:00', '19:00', '7:00', '19:00', '20:00'),
(48, 11, 'Friday', '', 'Closed', 'Closed', '', '', '20:00'),
(49, 11, 'Saturday', '', 'Closed', 'Closed', '', '', '20:00'),
(50, 11, 'Sunday', ' ', '7:00', '19:00', '7:00', '19:00', '20:00'),
(51, 12, 'Monday', ' ', '7:00', '19:00', '7:00', '19:00', '20:00'),
(52, 12, 'Tuesday', ' ', '7:00', '19:00', '7:00', '19:00', '20:00'),
(53, 12, 'Wednesday', ' ', '7:00', '19:00', '7:00', '19:00', '20:00'),
(54, 12, 'Thursday', ' ', '7:00', '19:00', '7:00', '19:00', '20:00'),
(55, 12, 'Friday', '', 'Closed', 'Closed', '', '', '20:00'),
(56, 12, 'Saturday', '', 'Closed', 'Closed', '', '', '20:00'),
(57, 12, 'Sunday', ' ', '7:00', '19:00', '7:00', '19:00', '20:00'),
(80, 17, 'Monday', ' ', '01:00', '01:00', '01:00', '01:00', '02:00'),
(81, 17, 'Tuesday', ' ', 'Closed', 'Closed', '', 'Closed', '20:00'),
(82, 17, 'Wednesday', ' ', '07:00', '19:00', '07:00', '19:00', '20:00'),
(83, 17, 'Thursday', ' ', 'Closed', 'Closed', '', '', 'Closed'),
(84, 17, 'Friday', '', 'Closed', 'Closed', '', '', 'Closed'),
(85, 17, 'Saturday', '', 'Closed', 'Closed', '', '', 'Closed'),
(86, 17, 'Sunday', ' ', '11:05', '19:00', '11:05', '19:00', '20:00'),
(87, 18, 'Monday', ' ', '01:05', '01:05', '01:05', '01:05', '20:00'),
(88, 18, 'Tuesday', ' ', '01:05', '01:05', '01:05', '01:05', '20:00'),
(89, 18, 'Wednesday', ' ', '01:05', '01:05', '01:05', '01:05', '20:00'),
(90, 18, 'Thursday', ' ', '01:05', '01:05', '01:05', '01:05', '20:00'),
(91, 18, 'Friday', '', '01:05', '01:05', '01:05', '01:05', '20:00'),
(92, 18, 'Saturday', '', 'Closed', 'Closed', '', '', '20:00'),
(93, 18, 'Sunday', ' ', '01:05', '01:05', '01:05', '01:05', '20:00'),
(94, 19, 'Monday', ' ', '09:00', '09:00', '09:00', '09:00', '10:00'),
(95, 19, 'Tuesday', ' ', '09:00', '09:00', '09:00', '09:00', '20:00'),
(96, 19, 'Wednesday', ' ', '09:00', '09:00', '09:00', '09:00', '10:00'),
(97, 19, 'Thursday', ' ', '09:00', '09:00', '09:00', '09:00', '10:00'),
(98, 19, 'Friday', '', 'Closed', 'Closed', '', '', 'Closed'),
(99, 19, 'Saturday', '', 'Closed', 'Closed', '', '', 'Closed'),
(100, 19, 'Sunday', ' ', '09:00', '23:00', '09:00', '23:00', '00:00'),
(101, 20, 'Monday', ' ', '8:00', '12:00', '8:00', '12:00', '13:00'),
(102, 20, 'Tuesday', ' ', '8:00', '19:00', '8:00', '19:00', '20:00'),
(103, 20, 'Wednesday', ' ', '8:00', '19:00', '8:00', '19:00', '20:00'),
(104, 20, 'Thursday', ' ', '8:00', '19:00', '8:00', '19:00', '20:00'),
(105, 20, 'Friday', '', 'Closed', 'Closed', '', '', 'Closed'),
(106, 20, 'Saturday', '', 'Closed', 'Closed', '', '', 'Closed'),
(107, 20, 'Sunday', ' ', '8:00', '19:00', '8:00', '19:00', '20:00'),
(108, 21, 'Monday', ' ', '7:00', '19:00', '7:00', '19:00', '20:00'),
(109, 21, 'Tuesday', ' ', '7:00', '19:00', '7:00', '19:00', '20:00'),
(110, 21, 'Wednesday', ' ', '7:00', '19:00', '7:00', '19:00', '20:00'),
(111, 21, 'Thursday', ' ', '7:00', '19:00', '7:00', '19:00', '20:00'),
(112, 21, 'Friday', '', 'Closed', 'Closed', '', '', '20:00'),
(113, 21, 'Saturday', '', 'Closed', 'Closed', '', '', '20:00'),
(114, 21, 'Sunday', ' ', '07:00', '19:00', '7:00', '19:00', '20:00'),
(115, 22, 'Monday', ' ', '07:00', '19:00', '07:00', '19:00', '20:00'),
(116, 22, 'Tuesday', ' ', '07:00', '19:00', '07:00', '19:00', '20:00'),
(117, 22, 'Wednesday', ' ', '07:00', '19:00', '07:00', '19:00', '20:00'),
(118, 22, 'Thursday', ' ', '07:00', '19:00', '07:00', '19:00', '20:00'),
(119, 22, 'Friday', '', 'Closed', 'Closed', '', '', '20:00'),
(120, 22, 'Saturday', '', 'Closed', 'Closed', '', '', '20:00'),
(121, 22, 'Sunday', ' ', '07:00', '19:00', '07:00', '19:00', '20:00'),
(122, 23, 'Monday', ' ', '07:00', '19:00', '07:00', '19:00', '20:00'),
(123, 23, 'Tuesday', ' ', '07:00', '19:00', '07:00', '19:00', '20:00'),
(124, 23, 'Wednesday', ' ', '07:00', '19:00', '07:00', '19:00', '20:00'),
(125, 23, 'Thursday', ' ', '07:00', '19:00', '07:00', '19:00', '20:00'),
(126, 23, 'Friday', '', 'Closed', 'Closed', '', '', '20:00'),
(127, 23, 'Saturday', '', 'Closed', 'Closed', '', '', '20:00'),
(128, 23, 'Sunday', ' ', '07:00', '19:00', '07:00', '19:00', '20:00'),
(129, 24, 'Monday', ' ', '07:00', '19:00', '07:00', '19:00', '20:00'),
(130, 24, 'Tuesday', ' ', '07:00', '19:00', '07:00', '19:00', '20:00'),
(131, 24, 'Wednesday', ' ', '07:00', '19:00', '07:00', '19:00', '20:00'),
(132, 24, 'Thursday', ' ', '07:00', '19:00', '07:00', '19:00', '20:00'),
(133, 24, 'Friday', '', 'Closed', 'Closed', '', '', '20:00'),
(134, 24, 'Saturday', '', 'Closed', 'Closed', '', '', '20:00'),
(135, 24, 'Sunday', ' ', '07:00', '19:00', '07:00', '19:00', '20:00'),
(136, 25, 'Monday', ' ', '08:30', '19:00', '08:30', '19:00', '20:00'),
(137, 25, 'Tuesday', ' ', '08:30', '19:00', '08:30', '19:00', '20:00'),
(138, 25, 'Wednesday', ' ', '08:30', '19:00', '08:30', '19:00', '20:00'),
(139, 25, 'Thursday', ' ', '08:30', '19:00', '08:30', '19:00', '13:30'),
(140, 25, 'Friday', '', 'Closed', 'Closed', '', '', 'Closed'),
(141, 25, 'Saturday', '', 'Closed', 'Closed', '', '', 'Closed'),
(142, 25, 'Sunday', ' ', '08:30', '19:00', '08:30', '19:00', '20:00'),
(143, 26, 'Monday', ' ', '08:00', '19:00', '08:00', '19:00', '20:00'),
(144, 26, 'Tuesday', ' ', '08:00', '19:00', '08:00', '19:00', '20:00'),
(145, 26, 'Wednesday', ' ', '08:00', '19:00', '08:00', '19:00', '20:00'),
(146, 26, 'Thursday', ' ', '08:00', '19:00', '08:00', '19:00', '20:00'),
(147, 26, 'Friday', '', '08:00', '19:00', '08:00', '19:00', '20:00'),
(148, 26, 'Saturday', '', '08:00', '19:00', '08:00', '19:00', '20:00'),
(149, 26, 'Sunday', ' ', '08:00', '19:00', '08:00', '19:00', '20:00'),
(171, 30, 'Monday', ' ', '04:00', '04:00', '04:00', '04:00', '20:00'),
(172, 30, 'Tuesday', ' ', '04:00', '04:00', '04:00', '04:00', '20:00'),
(173, 30, 'Wednesday', ' ', '04:00', '04:00', '04:00', '04:00', '20:00'),
(174, 30, 'Thursday', ' ', '04:00', '04:00', '04:00', '04:00', '20:00'),
(175, 30, 'Friday', '', '04:00', '04:00', '04:00', '04:00', '20:00'),
(176, 30, 'Saturday', '', '09:00', '10:00', '09:00', '10:00', '20:00'),
(177, 30, 'Sunday', ' ', '12:00', '01:00', '12:00', '01:00', '20:00'),
(178, 31, 'Monday', ' ', '02:15', '02:15', '02:15', '02:15', '20:00'),
(179, 31, 'Tuesday', ' ', '02:15', '02:15', '02:15', '02:15', '20:00'),
(180, 31, 'Wednesday', ' ', '02:15', '02:15', '02:15', '02:15', '20:00'),
(181, 31, 'Thursday', ' ', '02:15', '02:15', '02:15', '02:15', '20:00'),
(182, 31, 'Friday', '', '02:15', '02:15', '02:15', '02:15', '20:00'),
(183, 31, 'Saturday', '', '02:15', '02:15', '02:15', '02:15', '20:00'),
(184, 31, 'Sunday', ' ', '02:15', '02:15', '02:15', '02:15', '20:00'),
(185, 32, 'Monday', ' ', '07:00', '19:00', '07:00', '19:00', '20:00'),
(186, 32, 'Tuesday', ' ', '07:00', '19:00', '07:00', '19:00', '20:00'),
(187, 32, 'Wednesday', ' ', '07:00', '19:00', '07:00', '19:00', '20:00'),
(188, 32, 'Thursday', ' ', '07:00', '19:00', '07:00', '19:00', '20:00'),
(189, 32, 'Friday', '', '07:00', '19:00', '07:00', '19:00', '20:00'),
(190, 32, 'Saturday', '', '07:00', '19:00', '07:00', '19:00', '20:00'),
(191, 32, 'Sunday', ' ', '07:00', '19:00', '07:00', '19:00', '20:00'),
(192, 33, 'Monday', ' ', 'Closed', 'Closed', '', '', '20:00'),
(193, 33, 'Tuesday', ' ', 'Closed', 'Closed', '', '', '20:00'),
(194, 33, 'Wednesday', ' ', 'Closed', 'Closed', '', '', '20:00'),
(195, 33, 'Thursday', ' ', 'Closed', 'Closed', '', '', '20:00'),
(196, 33, 'Friday', '', 'Closed', 'Closed', '', '', '20:00'),
(197, 33, 'Saturday', '', 'Closed', 'Closed', '', '', '20:00'),
(198, 33, 'Sunday', ' ', 'Closed', 'Closed', '', '', '20:00'),
(199, 34, 'Monday', ' ', '12:05', '12:05', '12:05', '12:05', '20:00'),
(200, 34, 'Tuesday', ' ', '12:05', '12:05', '12:05', '12:05', '20:00'),
(201, 34, 'Wednesday', ' ', '12:05', '12:05', '12:05', '12:05', '20:00'),
(202, 34, 'Thursday', ' ', '12:05', '12:05', '12:05', '12:05', '20:00'),
(203, 34, 'Friday', '', '12:05', '12:05', '12:05', '12:05', '20:00'),
(204, 34, 'Saturday', '', '12:05', '12:05', '12:05', '12:05', '20:00'),
(205, 34, 'Sunday', ' ', '12:05', '12:05', '12:05', '12:05', '20:00'),
(269, 44, 'Monday', ' ', '09:30', '09:30', '09:30', '09:30', '20:00'),
(270, 44, 'Tuesday', ' ', '09:30', '09:30', '09:30', '09:30', '20:00'),
(271, 44, 'Wednesday', ' ', '09:30', '09:30', '09:30', '09:30', '20:00'),
(272, 44, 'Thursday', ' ', '09:30', '09:30', '09:30', '09:30', '20:00'),
(273, 44, 'Friday', '', '09:30', '09:30', '09:30', '09:30', '20:00'),
(274, 44, 'Saturday', '', 'CLOSED', 'closed', 'CLOSED', 'closed', '20:00'),
(275, 44, 'Sunday', ' ', '09:30', '09:30', '09:30', '09:30', '20:00'),
(276, 45, 'Monday', ' ', '09:30', '11:30', '09:30', '11:30', '12:30'),
(277, 45, 'Tuesday', ' ', '09:30', '11:30', '09:30', '11:30', '10:12'),
(278, 45, 'Wednesday', ' ', '09:30', '11:30', '09:30', '11:30', '12:30'),
(279, 45, 'Thursday', ' ', '09:30', '11:30', '09:30', '11:30', '12:30'),
(280, 45, 'Friday', '', '09:30', '11:30', '09:30', '11:30', '12:30'),
(281, 45, 'Saturday', '', '15:25', '06:45', '15:25', '06:45', '07:45'),
(282, 45, 'Sunday', ' ', '09:30', '07:05', '09:30', '07:05', '08:05');

-- --------------------------------------------------------

--
-- Table structure for table `company_voting`
--

CREATE TABLE IF NOT EXISTS `company_voting` (
  `id` int(11) NOT NULL AUTO_INCREMENT,
  `company_id` int(11) NOT NULL,
  `restaurant_id` int(11) NOT NULL,
  `vote_count` int(11) NOT NULL,
  `vote_timing_id` int(11) NOT NULL,
  PRIMARY KEY (`id`),
  KEY `vote_timing_id` (`vote_timing_id`)
) ENGINE=InnoDB  DEFAULT CHARSET=latin1 AUTO_INCREMENT=1543 ;

--
-- Dumping data for table `company_voting`
--

INSERT INTO `company_voting` (`id`, `company_id`, `restaurant_id`, `vote_count`, `vote_timing_id`) VALUES
(162, 6, 8, 0, 6),
(163, 6, 5, 0, 6),
(1487, 20, 1, 0, 7),
(1488, 20, 3, 1, 7),
(1489, 20, 4, 0, 7),
(1490, 20, 12, 3, 7),
(1491, 20, 7, 0, 7),
(1492, 20, 13, 1, 7),
(1493, 20, 17, 4, 7),
(1533, 2, 3, 0, 1),
(1534, 2, 12, 0, 1),
(1535, 2, 16, 0, 1),
(1536, 2, 11, 0, 1),
(1537, 2, 22, 0, 1),
(1538, 2, 5, 0, 1),
(1539, 2, 9, 0, 1),
(1540, 2, 7, 0, 1),
(1541, 2, 25, 0, 1),
(1542, 2, 4, 0, 1);

-- --------------------------------------------------------

--
-- Table structure for table `user_credit_cards`
--

CREATE TABLE IF NOT EXISTS `user_credit_cards` (
  `id` int(11) NOT NULL AUTO_INCREMENT,
  `user_id` int(11) NOT NULL,
  `card_id` text NOT NULL,
  `card_mask` text NOT NULL,
  `cvv` varchar(11) NOT NULL,
  `expiration` varchar(11) NOT NULL,
  PRIMARY KEY (`id`)
) ENGINE=InnoDB  DEFAULT CHARSET=utf8 AUTO_INCREMENT=10 ;

--
-- Dumping data for table `user_credit_cards`
--

INSERT INTO `user_credit_cards` (`id`, `user_id`, `card_id`, `card_mask`, `cvv`, `expiration`) VALUES
(8, 3, '1021035681082805', '400344******2805', '788', '0321'),
(9, 3, '1025843077424580', '458045******4580', '234', '2323');

-- --------------------------------------------------------

--
-- Table structure for table `user_votes`
--

CREATE TABLE IF NOT EXISTS `user_votes` (
  `id` int(11) NOT NULL AUTO_INCREMENT,
  `user_id` int(11) NOT NULL,
  `restaurant_id` int(11) NOT NULL,
  `vote_timing_id` int(11) NOT NULL,
  PRIMARY KEY (`id`),
  KEY `user_id` (`user_id`),
  KEY `restaurant_id` (`restaurant_id`),
  KEY `vote_timing_id` (`vote_timing_id`)
) ENGINE=InnoDB  DEFAULT CHARSET=latin1 AUTO_INCREMENT=252 ;

--
-- Dumping data for table `user_votes`
--

INSERT INTO `user_votes` (`id`, `user_id`, `restaurant_id`, `vote_timing_id`) VALUES
(237, 121, 17, 7),
(239, 117, 17, 7),
(241, 116, 17, 7),
(244, 115, 12, 7),
(245, 119, 12, 7),
(246, 120, 13, 7),
(247, 118, 17, 7),
(250, 122, 12, 7);

-- --------------------------------------------------------

--
-- Table structure for table `vote_timings`
--

CREATE TABLE IF NOT EXISTS `vote_timings` (
  `id` int(11) NOT NULL AUTO_INCREMENT,
  `company_id` int(11) NOT NULL,
  `voting_start` time NOT NULL,
  `voting_end` time NOT NULL,
  PRIMARY KEY (`id`),
  KEY `company_id` (`company_id`)
) ENGINE=InnoDB  DEFAULT CHARSET=latin1 AUTO_INCREMENT=8 ;

--
-- Dumping data for table `vote_timings`
--

INSERT INTO `vote_timings` (`id`, `company_id`, `voting_start`, `voting_end`) VALUES
(1, 2, '20:00:00', '22:00:00'),
(4, 6, '16:05:00', '17:00:00'),
(5, 6, '21:00:00', '23:00:00'),
(6, 6, '11:00:00', '13:00:00'),
(7, 20, '12:31:00', '12:40:00');

--
-- Constraints for dumped tables
--

--
-- Constraints for table `b2b_orders`
--
ALTER TABLE `b2b_orders`
  ADD CONSTRAINT `b2b_orders_ibfk_1` FOREIGN KEY (`user_id`) REFERENCES `b2b_users` (`id`),
  ADD CONSTRAINT `b2b_orders_ibfk_2` FOREIGN KEY (`company_id`) REFERENCES `company` (`id`);

/*!40101 SET CHARACTER_SET_CLIENT=@OLD_CHARACTER_SET_CLIENT */;
/*!40101 SET CHARACTER_SET_RESULTS=@OLD_CHARACTER_SET_RESULTS */;
/*!40101 SET COLLATION_CONNECTION=@OLD_COLLATION_CONNECTION */;
